film_id,family_friendly_score,violence_intensity,sexual_content_present,sexual_content_intensity,language_intensity,substance_use_present,frightening_scenes_intensity,age_recommendation,age_rating_source
1,0.6,0.6,FALSE,0.0,0.2,TRUE,0.5,13+,MPAA
2,0.7,0.6,FALSE,0.0,0.2,FALSE,0.5,13+,MPAA
3,0.6,0.5,FALSE,0.0,0.2,TRUE,0.4,13+,MPAA
4,0.4,0.3,TRUE,0.6,0.2,TRUE,0.3,13+,MPAA
5,0.7,0.5,FALSE,0.0,0.2,FALSE,0.4,12+,BBFC
6,0.6,0.7,FALSE,0.0,0.3,FALSE,0.5,13+,MPAA
7,0.7,0.5,FALSE,0.0,0.1,FALSE,0.4,12+,BBFC
8,0.7,0.5,FALSE,0.0,0.3,FALSE,0.4,13+,MPAA
9,0.9,0.2,FALSE,0.0,0.1,FALSE,0.2,7+,MPAA
10,0.5,0.6,FALSE,0.0,0.2,FALSE,0.5,13+,MPAA
11,0.8,0.3,FALSE,0.0,0.1,FALSE,0.3,7+,MPAA
12,0.7,0.6,FALSE,0.0,0.3,FALSE,0.5,13+,MPAA
13,0.5,0.7,FALSE,0.0,0.4,TRUE,0.4,13+,MPAA
14,0.6,0.6,FALSE,0.0,0.2,TRUE,0.3,12+,BBFC
15,0.9,0.2,FALSE,0.0,0.1,FALSE,0.2,7+,MPAA
16,0.8,0.2,FALSE,0.0,0.2,FALSE,0.1,7+,MPAA
17,0.6,0.6,FALSE,0.0,0.3,FALSE,0.5,13+,MPAA
18,0.95,0.1,FALSE,0.0,0.1,FALSE,0.1,All,MPAA
19,0.3,0.8,TRUE,0.7,0.9,TRUE,0.6,18+,MPAA
20,0.7,0.5,FALSE,0.0,0.3,FALSE,0.4,13+,MPAA
21,0.6,0.5,FALSE,0.0,0.2,FALSE,0.5,12+,BBFC
22,0.5,0.6,FALSE,0.0,0.3,FALSE,0.7,12+,BBFC
23,0.5,0.6,FALSE,0.0,0.2,FALSE,0.5,13+,MPAA
24,0.95,0.1,FALSE,0.0,0.1,FALSE,0.1,All,MPAA
25,0.8,0.2,TRUE,0.3,0.2,FALSE,0.2,7+,MPAA
26,0.9,0.3,FALSE,0.0,0.1,FALSE,0.2,7+,MPAA
27,0.6,0.6,FALSE,0.0,0.3,TRUE,0.4,13+,MPAA
28,0.5,0.7,FALSE,0.0,0.4,TRUE,0.4,13+,MPAA
29,0.95,0.1,FALSE,0.0,0.1,FALSE,0.1,All,MPAA
30,0.6,0.7,FALSE,0.0,0.3,FALSE,0.5,13+,MPAA
31,0.6,0.6,FALSE,0.0,0.3,FALSE,0.4,12+,BBFC
32,0.7,0.5,FALSE,0.0,0.3,FALSE,0.3,12+,BBFC
33,0.8,0.4,FALSE,0.0,0.2,FALSE,0.3,12+,BBFC
34,0.5,0.7,FALSE,0.0,0.2,FALSE,0.6,12+,BBFC
35,0.5,0.7,FALSE,0.0,0.3,FALSE,0.5,13+,MPAA
36,0.5,0.6,FALSE,0.0,0.4,TRUE,0.5,13+,MPAA
37,0.5,0.7,FALSE,0.0,0.3,FALSE,0.5,13+,MPAA
38,0.4,0.8,FALSE,0.0,0.4,FALSE,0.7,13+,MPAA
39,0.2,0.8,TRUE,0.4,0.9,TRUE,0.8,18+,MPAA
40,0.95,0.1,FALSE,0.0,0.1,FALSE,0.1,All,MPAA
41,0.6,0.5,FALSE,0.0,0.2,FALSE,0.5,12+,BBFC
42,0.9,0.2,FALSE,0.0,0.1,FALSE,0.3,7+,MPAA
43,0.5,0.6,FALSE,0.0,0.2,TRUE,0.5,12+,BBFC
44,0.9,0.2,FALSE,0.0,0.1,FALSE,0.2,All,MPAA
45,0.5,0.6,FALSE,0.0,0.2,FALSE,0.6,13+,MPAA
46,0.6,0.6,FALSE,0.0,0.2,FALSE,0.6,12+,BBFC
47,0.7,0.4,FALSE,0.0,0.2,FALSE,0.3,7+,MPAA
48,0.5,0.6,FALSE,0.0,0.3,TRUE,0.4,12+,BBFC
49,0.9,0.2,FALSE,0.0,0.1,FALSE,0.1,All,MPAA
50,0.9,0.2,FALSE,0.0,0.1,FALSE,0.2,All,MPAA
51,0.95,0.2,FALSE,0.0,0.1,FALSE,0.2,All,MPAA
52,0.7,0.3,FALSE,0.0,0.1,FALSE,0.3,7+,MPAA
53,0.95,0.2,FALSE,0.0,0.1,FALSE,0.2,All,MPAA
54,0.9,0.3,FALSE,0.0,0.1,FALSE,0.3,7+,MPAA
55,0.5,0.6,FALSE,0.0,0.2,FALSE,0.5,12+,BBFC
56,0.3,0.8,FALSE,0.0,0.6,TRUE,0.8,15+,MPAA
57,0.5,0.6,FALSE,0.0,0.3,FALSE,0.6,13+,MPAA
58,0.9,0.3,FALSE,0.0,0.1,FALSE,0.3,7+,MPAA
59,0.2,0.5,TRUE,0.4,0.5,TRUE,0.6,16+,MPAA
60,0.95,0.2,FALSE,0.0,0.1,FALSE,0.2,All,MPAA
61,0.95,0.2,FALSE,0.0,0.1,FALSE,0.2,All,MPAA
62,0.7,0.4,FALSE,0.0,0.1,FALSE,0.5,7+,MPAA
63,0.7,0.4,FALSE,0.0,0.3,FALSE,0.3,12+,BBFC
64,0.5,0.6,FALSE,0.0,0.3,TRUE,0.5,12+,BBFC
65,0.5,0.6,FALSE,0.0,0.2,FALSE,0.6,12+,BBFC
66,0.9,0.3,FALSE,0.0,0.1,FALSE,0.3,7+,MPAA
67,0.6,0.6,FALSE,0.0,0.3,FALSE,0.7,13+,MPAA
68,0.8,0.4,FALSE,0.0,0.1,FALSE,0.4,7+,MPAA
69,0.5,0.6,FALSE,0.0,0.3,FALSE,0.7,12+,BBFC
70,0.5,0.7,FALSE,0.0,0.3,FALSE,0.6,12+,BBFC
71,0.95,0.2,FALSE,0.0,0.1,FALSE,0.2,All,MPAA
72,0.5,0.6,FALSE,0.0,0.2,FALSE,0.5,12+,BBFC
73,0.95,0.2,FALSE,0.0,0.1,FALSE,0.2,All,MPAA
74,0.9,0.3,FALSE,0.0,0.2,FALSE,0.2,7+,MPAA
75,0.5,0.5,TRUE,0.2,0.3,TRUE,0.6,12+,BBFC
76,0.5,0.7,FALSE,0.0,0.2,FALSE,0.6,12+,BBFC
77,0.4,0.8,FALSE,0.0,0.2,FALSE,0.7,12+,BBFC
78,0.6,0.5,TRUE,0.2,0.3,FALSE,0.4,13+,MPAA
79,0.5,0.6,FALSE,0.0,0.2,FALSE,0.5,12+,BBFC
80,0.9,0.3,FALSE,0.0,0.1,FALSE,0.2,All,MPAA
81,0.9,0.3,FALSE,0.0,0.1,FALSE,0.2,All,MPAA
82,0.5,0.6,FALSE,0.0,0.3,FALSE,0.6,12+,BBFC
83,0.9,0.3,FALSE,0.0,0.1,FALSE,0.2,All,MPAA
84,0.4,0.3,TRUE,0.5,0.4,TRUE,0.2,15+,MPAA
85,0.4,0.6,FALSE,0.0,0.5,TRUE,0.4,15+,MPAA
86,0.7,0.5,FALSE,0.0,0.3,FALSE,0.3,12+,BBFC
87,0.6,0.5,FALSE,0.0,0.2,FALSE,0.5,7+,MPAA
88,0.4,0.8,FALSE,0.0,0.4,FALSE,0.7,13+,MPAA
89,0.6,0.5,FALSE,0.0,0.3,TRUE,0.4,12+,BBFC
90,0.5,0.6,FALSE,0.0,0.3,FALSE,0.6,13+,MPAA
91,0.5,0.6,FALSE,0.0,0.3,FALSE,0.7,13+,MPAA
92,0.6,0.6,FALSE,0.0,0.3,FALSE,0.5,12+,BBFC
93,0.4,0.7,FALSE,0.0,0.6,TRUE,0.6,15+,MPAA
94,0.6,0.5,FALSE,0.0,0.3,FALSE,0.4,12+,BBFC
95,0.95,0.2,FALSE,0.0,0.1,FALSE,0.2,All,MPAA
96,0.6,0.6,FALSE,0.0,0.3,TRUE,0.4,13+,MPAA
97,0.8,0.2,FALSE,0.0,0.1,TRUE,0.1,7+,BBFC
98,0.5,0.7,FALSE,0.0,0.3,FALSE,0.5,13+,MPAA
99,0.4,0.4,TRUE,0.5,0.2,FALSE,0.3,13+,MPAA
100,0.5,0.6,FALSE,0.0,0.3,FALSE,0.6,13+,MPAA
101,0.7,0.5,FALSE,0.0,0.3,FALSE,0.4,12+,BBFC
102,0.6,0.6,FALSE,0.0,0.3,FALSE,0.4,12+,BBFC
103,0.6,0.5,FALSE,0.0,0.2,FALSE,0.4,12+,BBFC
104,0.6,0.4,FALSE,0.0,0.2,FALSE,0.4,12+,BBFC
105,0.5,0.7,FALSE,0.0,0.2,FALSE,0.5,15+,BBFC
106,0.4,0.8,FALSE,0.0,0.2,FALSE,0.6,15+,BBFC
107,0.9,0.3,FALSE,0.0,0.1,FALSE,0.2,All,MPAA
108,0.9,0.2,FALSE,0.0,0.1,FALSE,0.3,All,MPAA
109,0.7,0.5,FALSE,0.0,0.3,FALSE,0.4,12+,BBFC
110,0.95,0.2,FALSE,0.0,0.1,FALSE,0.2,All,MPAA
111,0.5,0.6,FALSE,0.0,0.3,TRUE,0.5,12+,BBFC
112,0.7,0.4,FALSE,0.0,0.3,FALSE,0.3,12+,BBFC
113,0.5,0.7,FALSE,0.0,0.4,TRUE,0.4,13+,MPAA
114,0.6,0.5,FALSE,0.0,0.3,TRUE,0.4,12+,BBFC
115,0.5,0.7,FALSE,0.0,0.3,TRUE,0.5,13+,MPAA
116,0.3,0.8,TRUE,0.7,0.9,TRUE,0.6,18+,MPAA
117,0.6,0.5,FALSE,0.0,0.2,FALSE,0.5,7+,MPAA
118,0.3,0.8,TRUE,0.8,0.9,TRUE,0.6,18+,MPAA
119,0.6,0.5,FALSE,0.0,0.2,FALSE,0.4,7+,MPAA
120,0.4,0.8,FALSE,0.0,0.4,TRUE,0.8,15+,MPAA
121,0.6,0.5,FALSE,0.0,0.4,TRUE,0.3,12+,BBFC
122,0.4,0.2,TRUE,0.3,0.2,TRUE,0.2,12+,BBFC
123,0.5,0.6,FALSE,0.0,0.3,FALSE,0.5,13+,MPAA
124,0.6,0.5,FALSE,0.0,0.3,TRUE,0.3,12+,BBFC
125,0.5,0.7,FALSE,0.0,0.5,TRUE,0.4,13+,MPAA
126,0.5,0.6,FALSE,0.0,0.4,TRUE,0.5,13+,MPAA
127,0.7,0.5,FALSE,0.0,0.3,FALSE,0.4,12+,BBFC
128,0.8,0.3,FALSE,0.0,0.1,FALSE,0.4,7+,MPAA
129,0.5,0.7,FALSE,0.0,0.3,FALSE,0.5,12+,BBFC
130,0.9,0.3,FALSE,0.0,0.1,FALSE,0.2,All,MPAA
131,0.8,0.3,FALSE,0.0,0.1,FALSE,0.3,7+,MPAA
132,0.3,0.8,TRUE,0.6,0.8,TRUE,0.6,16+,MPAA
133,0.6,0.6,FALSE,0.0,0.3,FALSE,0.4,12+,BBFC
134,0.9,0.2,FALSE,0.0,0.1,FALSE,0.2,All,MPAA
135,0.95,0.2,FALSE,0.0,0.1,FALSE,0.2,All,MPAA
136,0.7,0.5,FALSE,0.0,0.2,FALSE,0.5,12+,BBFC
137,0.4,0.7,TRUE,0.5,0.5,TRUE,0.5,15+,MPAA
138,0.95,0.2,FALSE,0.0,0.1,FALSE,0.2,All,MPAA
139,0.9,0.3,FALSE,0.0,0.1,FALSE,0.3,7+,MPAA
140,0.8,0.4,FALSE,0.0,0.1,FALSE,0.4,7+,MPAA
141,0.4,0.7,FALSE,0.0,0.5,TRUE,0.4,13+,MPAA
142,0.4,0.8,FALSE,0.0,0.3,FALSE,0.6,15+,BBFC
143,0.6,0.7,FALSE,0.0,0.3,FALSE,0.5,13+,MPAA
144,0.4,0.7,FALSE,0.0,0.5,TRUE,0.4,13+,MPAA
145,0.5,0.6,FALSE,0.0,0.3,FALSE,0.5,12+,BBFC
146,0.6,0.6,FALSE,0.0,0.3,FALSE,0.4,12+,BBFC
147,0.5,0.7,FALSE,0.0,0.3,FALSE,0.5,13+,MPAA
148,0.4,0.5,TRUE,0.4,0.3,FALSE,0.3,13+,MPAA
149,0.1,0.9,FALSE,0.0,0.6,TRUE,0.9,18+,MPAA
150,0.5,0.7,FALSE,0.0,0.3,TRUE,0.4,13+,MPAA
151,0.85,0.4,FALSE,0.0,0.2,FALSE,0.5,7+,MPAA
152,0.5,0.7,FALSE,0.0,0.3,TRUE,0.5,13+,MPAA
153,0.5,0.3,TRUE,0.3,0.2,FALSE,0.3,13+,MPAA
154,0.5,0.4,FALSE,0.0,0.3,FALSE,0.6,13+,MPAA
155,0.95,0.2,FALSE,0.0,0.1,FALSE,0.2,All,MPAA
156,0.4,0.4,TRUE,0.6,0.3,TRUE,0.6,13+,MPAA
157,0.5,0.5,TRUE,0.3,0.6,TRUE,0.4,13+,MPAA
158,0.5,0.7,FALSE,0.0,0.3,FALSE,0.6,13+,MPAA
159,0.6,0.6,FALSE,0.0,0.3,FALSE,0.5,13+,MPAA
160,0.5,0.3,FALSE,0.0,0.2,FALSE,0.8,13+,MPAA
161,0.5,0.7,FALSE,0.0,0.3,FALSE,0.6,13+,MPAA
162,0.9,0.3,FALSE,0.0,0.1,FALSE,0.3,All,MPAA
163,0.5,0.6,FALSE,0.0,0.3,FALSE,0.5,13+,MPAA
164,0.7,0.4,FALSE,0.0,0.2,FALSE,0.4,7+,MPAA
165,0.5,0.5,FALSE,0.0,0.3,FALSE,0.5,13+,MPAA
166,0.5,0.6,FALSE,0.0,0.3,TRUE,0.5,12+,BBFC
167,0.6,0.5,FALSE,0.0,0.3,FALSE,0.4,12+,BBFC
168,0.6,0.4,FALSE,0.0,0.6,FALSE,0.4,13+,MPAA
169,0.95,0.2,FALSE,0.0,0.1,FALSE,0.2,All,MPAA
170,0.9,0.3,FALSE,0.0,0.1,FALSE,0.3,All,MPAA
171,0.5,0.7,FALSE,0.0,0.3,FALSE,0.6,13+,MPAA
172,0.6,0.6,FALSE,0.0,0.3,FALSE,0.5,13+,MPAA
173,0.6,0.4,FALSE,0.0,0.2,FALSE,0.6,12+,BBFC
174,,,,,,,,,
175,,,,,,,,,
176,0.9,0.2,FALSE,0.0,0.2,FALSE,0.2,All,MPAA
177,0.95,0.2,FALSE,0.0,0.1,FALSE,0.2,All,MPAA
178,0.9,0.4,FALSE,0.0,0.2,FALSE,0.4,All,MPAA
179,0.9,0.2,FALSE,0.0,0.2,FALSE,0.2,All,MPAA
180,0.5,0.7,FALSE,0.0,0.4,TRUE,0.5,13+,MPAA
181,,,,,,,,,
182,0.95,0.1,FALSE,0.0,0.1,TRUE,0.1,All,MPAA
183,0.5,0.6,TRUE,0.3,0.6,TRUE,0.4,13+,MPAA
184,0.6,0.5,FALSE,0.0,0.3,FALSE,0.4,13+,MPAA
185,0.1,0.95,FALSE,0.0,0.2,FALSE,0.95,18+,MPAA
186,0.6,0.6,TRUE,0.2,0.4,TRUE,0.4,13+,MPAA
187,0.8,0.3,FALSE,0.0,0.1,FALSE,0.5,7+,MPAA
188,0.5,0.7,FALSE,0.0,0.3,FALSE,0.6,13+,MPAA
189,,,,,,,,,
190,0.9,0.3,FALSE,0.0,0.1,FALSE,0.3,All,MPAA
191,0.2,0.9,TRUE,0.2,0.9,TRUE,0.8,18+,MPAA
192,0.6,0.5,FALSE,0.0,0.2,FALSE,0.5,12+,IMDb
193,0.5,0.7,FALSE,0.0,0.3,FALSE,0.7,13+,MPAA
194,0.4,0.6,FALSE,0.0,0.5,FALSE,0.5,13+,MPAA
195,0.9,0.2,FALSE,0.0,0.1,FALSE,0.2,All,MPAA
196,0.4,0.7,FALSE,0.0,0.6,TRUE,0.5,13+,MPAA
197,0.4,0.7,FALSE,0.0,0.5,TRUE,0.5,13+,MPAA
198,,,,,,,,,
199,0.6,0.5,FALSE,0.0,0.3,FALSE,0.4,12+,BBFC
200,0.1,0.4,TRUE,0.8,0.9,TRUE,0.2,18+,MPAA
201,0.4,0.7,FALSE,0.0,0.4,FALSE,0.7,13+,MPAA
202,0.6,0.6,TRUE,0.2,0.4,TRUE,0.4,13+,MPAA
203,0.7,0.5,FALSE,0.0,0.3,FALSE,0.4,12+,BBFC
204,0.95,0.2,FALSE,0.0,0.1,FALSE,0.2,All,MPAA
205,0.4,0.6,FALSE,0.0,0.3,TRUE,0.4,15+,IMDb
206,0.7,0.1,TRUE,0.3,0.2,TRUE,0.1,12+,BBFC
207,0.9,0.2,FALSE,0.0,0.1,FALSE,0.2,All,MPAA
208,0.9,0.3,FALSE,0.0,0.1,FALSE,0.3,All,MPAA
209,0.4,0.7,FALSE,0.0,0.3,FALSE,0.6,13+,MPAA
210,0.5,0.7,FALSE,0.0,0.3,TRUE,0.5,13+,MPAA
211,0.1,0.1,TRUE,0.9,0.4,TRUE,0.1,18+,MPAA
212,0.6,0.3,FALSE,0.0,0.3,TRUE,0.2,13+,IMDb
213,0.9,0.3,FALSE,0.0,0.1,FALSE,0.3,7+,MPAA
214,0.5,0.7,FALSE,0.0,0.4,TRUE,0.5,13+,MPAA
215,0.9,0.2,FALSE,0.0,0.1,FALSE,0.2,All,MPAA
216,0.95,0.2,FALSE,0.0,0.1,FALSE,0.2,All,MPAA
217,0.9,0.3,FALSE,0.0,0.1,FALSE,0.3,All,MPAA
218,0.4,0.7,FALSE,0.0,0.2,TRUE,0.6,12+,BBFC
219,0.9,0.2,FALSE,0.0,0.1,FALSE,0.2,All,MPAA
220,0.1,0.3,TRUE,0.8,0.9,TRUE,0.2,18+,MPAA
221,0.5,0.5,FALSE,0.0,0.2,FALSE,0.5,12+,BBFC
222,0.9,0.3,FALSE,0.0,0.1,FALSE,0.3,All,MPAA
223,0.9,0.3,FALSE,0.0,0.1,FALSE,0.3,All,MPAA
224,0.4,0.7,TRUE,0.3,0.4,TRUE,0.6,13+,MPAA
225,0.5,0.6,TRUE,0.3,0.5,TRUE,0.4,13+,MPAA
226,0.6,0.5,FALSE,0.0,0.2,FALSE,0.4,7+,MPAA
227,0.9,0.3,FALSE,0.0,0.1,FALSE,0.3,All,MPAA
228,0.3,0.8,FALSE,0.0,0.6,TRUE,0.6,16+,MPAA
229,0.95,0.2,FALSE,0.0,0.1,FALSE,0.2,All,MPAA
230,0.6,0.4,FALSE,0.0,0.3,TRUE,0.3,13+,IMDb
231,0.5,0.7,FALSE,0.0,0.3,FALSE,0.5,13+,MPAA
232,0.9,0.2,FALSE,0.0,0.1,FALSE,0.2,All,MPAA
233,0.5,0.6,FALSE,0.0,0.3,TRUE,0.4,13+,MPAA
234,0.2,0.9,FALSE,0.0,0.5,TRUE,0.8,16+,MPAA
235,0.95,0.1,FALSE,0.0,0.1,FALSE,0.1,All,MPAA
236,0.4,0.8,FALSE,0.0,0.3,FALSE,0.8,15+,MPAA
237,0.9,0.2,FALSE,0.0,0.1,FALSE,0.2,All,MPAA
238,0.5,0.7,FALSE,0.0,0.3,FALSE,0.6,12+,BBFC
239,0.5,0.7,FALSE,0.0,0.3,FALSE,0.6,12+,BBFC
240,0.4,0.8,FALSE,0.0,0.2,FALSE,0.6,12+,BBFC
241,0.9,0.2,FALSE,0.0,0.1,FALSE,0.2,All,MPAA
242,0.95,0.2,FALSE,0.0,0.1,FALSE,0.2,All,MPAA
243,0.9,0.2,FALSE,0.0,0.2,FALSE,0.2,All,MPAA
244,0.7,0.3,TRUE,0.2,0.3,TRUE,0.3,12+,BBFC
245,,,,,,,,,
246,0.9,0.3,FALSE,0.0,0.1,FALSE,0.3,All,MPAA
247,0.9,0.3,FALSE,0.0,0.1,FALSE,0.3,All,MPAA
248,0.6,0.5,FALSE,0.0,0.3,FALSE,0.4,13+,MPAA
249,0.3,0.2,TRUE,0.5,0.3,TRUE,0.4,13+,MPAA
250,0.6,0.6,FALSE,0.0,0.3,FALSE,0.5,12+,IMDb
251,0.4,0.2,TRUE,0.6,0.5,TRUE,0.1,13+,MPAA
252,0.4,0.9,FALSE,0.0,0.2,FALSE,0.7,15+,IMDb
253,0.3,0.9,FALSE,0.0,0.6,TRUE,0.7,16+,MPAA
254,0.95,0.2,FALSE,0.0,0.1,FALSE,0.2,All,MPAA
255,0.5,0.8,FALSE,0.0,0.3,FALSE,0.8,15+,BBFC
256,0.95,0.2,FALSE,0.0,0.1,FALSE,0.2,All,MPAA
257,0.4,0.5,FALSE,0.0,0.4,TRUE,0.4,15+,IMDb
258,0.6,0.1,TRUE,0.3,0.3,TRUE,0.1,12+,BBFC
259,0.9,0.2,FALSE,0.0,0.1,FALSE,0.2,All,MPAA
260,0.4,0.7,FALSE,0.0,0.6,TRUE,0.5,15+,MPAA
261,0.6,0.5,FALSE,0.0,0.2,FALSE,0.6,12+,BBFC
262,0.5,0.6,FALSE,0.0,0.3,TRUE,0.4,13+,MPAA
263,0.4,0.6,FALSE,0.0,0.2,FALSE,0.9,13+,MPAA
264,0.9,0.3,FALSE,0.0,0.1,FALSE,0.3,All,MPAA
265,0.9,0.3,FALSE,0.0,0.1,FALSE,0.3,All,MPAA
266,0.6,0.6,FALSE,0.0,0.2,FALSE,0.6,12+,BBFC
267,0.4,0.9,FALSE,0.0,0.3,FALSE,0.8,15+,BBFC
268,0.95,0.2,FALSE,0.0,0.1,FALSE,0.2,All,MPAA
269,0.9,0.3,FALSE,0.0,0.2,FALSE,0.3,All,MPAA
270,0.5,0.3,TRUE,0.3,0.3,TRUE,0.2,13+,MPAA
271,0.8,0.3,FALSE,0.0,0.2,FALSE,0.3,7+,MPAA
272,0.9,0.3,FALSE,0.0,0.1,FALSE,0.3,7+,MPAA
273,0.4,0.7,FALSE,0.0,0.3,FALSE,0.5,13+,MPAA
274,0.8,0.4,FALSE,0.0,0.2,FALSE,0.4,7+,MPAA
275,0.9,0.3,FALSE,0.0,0.1,FALSE,0.3,All,MPAA
276,0.4,0.6,TRUE,0.4,0.4,TRUE,0.4,13+,MPAA
277,0.2,0.95,FALSE,0.0,0.3,TRUE,0.9,16+,MPAA
278,0.6,0.5,FALSE,0.0,0.3,FALSE,0.5,12+,BBFC
279,0.95,0.2,FALSE,0.0,0.1,FALSE,0.2,All,MPAA
280,0.6,0.1,TRUE,0.3,0.3,TRUE,0.1,13+,MPAA
281,0.7,0.1,FALSE,0.0,0.4,TRUE,0.1,12+,BBFC
282,0.9,0.3,FALSE,0.0,0.2,FALSE,0.3,All,MPAA
283,0.3,0.8,TRUE,0.5,0.3,TRUE,0.6,15+,MPAA
284,0.6,0.5,FALSE,0.0,0.2,FALSE,0.4,7+,MPAA
285,0.9,0.2,FALSE,0.0,0.1,FALSE,0.2,All,MPAA
286,0.6,0.5,FALSE,0.0,0.3,FALSE,0.4,13+,MPAA
287,0.9,0.2,FALSE,0.0,0.1,FALSE,0.2,All,MPAA
288,0.95,0.2,FALSE,0.0,0.1,FALSE,0.2,All,MPAA
289,0.5,0.7,FALSE,0.0,0.3,FALSE,0.5,13+,MPAA
290,0.3,0.8,FALSE,0.0,0.6,TRUE,0.5,15+,MPAA
291,0.5,0.6,FALSE,0.0,0.3,TRUE,0.4,12+,BBFC
292,0.1,0.9,FALSE,0.0,0.4,TRUE,0.9,18+,MPAA
293,0.1,0.9,FALSE,0.0,0.6,TRUE,0.9,18+,MPAA
294,0.5,0.6,FALSE,0.0,0.3,FALSE,0.5,13+,MPAA
295,0.5,0.7,FALSE,0.0,0.3,FALSE,0.6,13+,MPAA
296,0.95,0.2,FALSE,0.0,0.1,FALSE,0.2,All,MPAA
297,0.5,0.7,FALSE,0.0,0.4,TRUE,0.6,13+,MPAA
298,0.4,0.8,TRUE,0.5,0.5,TRUE,0.6,15+,MPAA
299,0.1,0.3,TRUE,0.8,0.9,TRUE,0.2,18+,MPAA
300,0.8,0.4,FALSE,0.0,0.2,FALSE,0.4,7+,MPAA
301,0.95,0.2,FALSE,0.0,0.1,FALSE,0.2,All,MPAA
302,0.3,0.9,TRUE,0.3,0.5,TRUE,0.8,16+,MPAA
303,0.6,0.5,FALSE,0.0,0.3,FALSE,0.4,12+,IMDb
304,0.5,0.6,FALSE,0.0,0.3,FALSE,0.5,13+,MPAA
305,0.5,0.6,FALSE,0.0,0.3,TRUE,0.4,13+,MPAA
306,0.4,0.7,FALSE,0.0,0.5,TRUE,0.5,15+,MPAA
307,0.7,0.4,FALSE,0.0,0.2,TRUE,0.3,7+,MPAA
308,0.4,0.8,FALSE,0.0,0.3,TRUE,0.6,15+,MPAA
309,0.5,0.4,FALSE,0.0,0.3,TRUE,0.3,13+,IMDb
310,0.2,0.95,FALSE,0.0,0.4,TRUE,0.8,16+,MPAA
311,0.5,0.5,FALSE,0.0,0.3,TRUE,0.7,13+,MPAA
312,0.3,0.9,TRUE,0.4,0.3,TRUE,0.8,16+,MPAA
313,0.6,0.3,FALSE,0.0,0.4,TRUE,0.3,12+,IMDb
314,0.5,0.3,TRUE,0.3,0.4,TRUE,0.2,13+,MPAA
315,0.2,0.9,TRUE,0.7,0.8,TRUE,0.6,18+,MPAA
316,0.6,0.6,FALSE,0.0,0.3,FALSE,0.5,13+,MPAA
317,0.4,0.7,TRUE,0.4,0.3,TRUE,0.6,13+,MPAA
318,0.9,0.3,FALSE,0.0,0.1,FALSE,0.3,All,MPAA
319,0.1,0.95,FALSE,0.0,0.8,TRUE,0.8,18+,MPAA
320,0.9,0.3,FALSE,0.0,0.2,FALSE,0.2,All,MPAA
321,0.6,0.4,FALSE,0.0,0.3,TRUE,0.3,12+,IMDb
322,0.4,0.4,TRUE,0.3,0.5,TRUE,0.4,15+,IMDb
323,0.5,0.6,FALSE,0.0,0.3,TRUE,0.5,13+,MPAA
324,0.9,0.2,FALSE,0.0,0.1,FALSE,0.2,All,MPAA
325,0.6,0.5,FALSE,0.0,0.3,FALSE,0.4,12+,BBFC
326,0.8,0.2,TRUE,0.2,0.2,TRUE,0.1,7+,MPAA
327,0.5,0.6,FALSE,0.0,0.3,FALSE,0.5,13+,MPAA
328,0.5,0.6,FALSE,0.0,0.3,FALSE,0.5,12+,BBFC
329,0.5,0.7,FALSE,0.0,0.3,FALSE,0.6,13+,MPAA
330,0.95,0.2,FALSE,0.0,0.1,FALSE,0.2,All,MPAA
331,0.4,0.8,FALSE,0.0,0.3,FALSE,0.7,15+,IMDb
332,0.3,0.2,TRUE,0.6,0.4,TRUE,0.2,15+,MPAA
333,0.3,0.5,TRUE,0.4,0.5,TRUE,0.4,13+,MPAA
334,0.5,0.7,FALSE,0.0,0.3,FALSE,0.6,13+,MPAA
335,0.9,0.3,FALSE,0.0,0.2,FALSE,0.3,7+,MPAA
336,0.4,0.8,FALSE,0.0,0.5,TRUE,0.6,15+,MPAA
337,0.4,0.2,TRUE,0.5,0.3,TRUE,0.1,13+,MPAA
338,0.6,0.6,FALSE,0.0,0.3,FALSE,0.5,13+,MPAA
339,0.5,0.7,FALSE,0.0,0.4,TRUE,0.6,13+,MPAA
340,0.5,0.6,TRUE,0.3,0.4,TRUE,0.5,13+,MPAA
341,0.8,0.2,FALSE,0.0,0.3,TRUE,0.1,12+,BBFC
342,0.7,0.3,FALSE,0.0,0.3,TRUE,0.2,12+,IMDb
343,0.4,0.7,FALSE,0.0,0.3,FALSE,0.6,13+,MPAA
344,0.05,0.9,FALSE,0.0,0.4,TRUE,1.0,18+,MPAA
345,0.7,0.3,TRUE,0.3,0.2,TRUE,0.2,7+,MPAA
346,0.5,0.6,FALSE,0.0,0.3,FALSE,0.5,12+,BBFC
347,0.4,0.8,TRUE,0.4,0.5,TRUE,0.6,15+,MPAA
348,0.6,0.3,FALSE,0.0,0.3,TRUE,0.4,12+,BBFC
349,0.5,0.4,FALSE,0.0,0.3,TRUE,0.3,13+,IMDb
350,0.3,0.7,TRUE,0.4,0.7,TRUE,0.5,16+,MPAA
351,0.5,0.6,TRUE,0.3,0.3,TRUE,0.5,13+,MPAA
352,0.8,0.3,FALSE,0.0,0.2,TRUE,0.2,7+,IMDb
353,0.5,0.6,FALSE,0.0,0.3,FALSE,0.7,13+,MPAA
354,0.9,0.3,FALSE,0.0,0.1,FALSE,0.4,7+,MPAA
355,0.85,0.4,FALSE,0.0,0.1,FALSE,0.4,7+,MPAA
356,0.5,0.7,TRUE,0.2,0.3,TRUE,0.5,13+,MPAA
357,0.5,0.7,FALSE,0.0,0.4,TRUE,0.4,13+,MPAA
358,0.15,0.1,TRUE,0.9,0.6,TRUE,0.1,18+,MPAA
359,,,,,,,,,
360,0.5,0.6,FALSE,0.0,0.3,TRUE,0.6,13+,MPAA
361,0.4,0.1,TRUE,0.2,0.8,TRUE,0.1,16+,MPAA
362,0.5,0.6,FALSE,0.0,0.3,FALSE,0.5,13+,MPAA
363,0.3,0.4,TRUE,0.4,0.6,TRUE,0.3,16+,MPAA
364,0.5,0.6,FALSE,0.0,0.3,FALSE,0.6,13+,MPAA
365,0.1,0.8,TRUE,0.6,0.8,TRUE,0.6,18+,MPAA
366,0.6,0.4,FALSE,0.0,0.2,FALSE,0.6,13+,MPAA
367,0.6,0.5,FALSE,0.0,0.2,FALSE,0.5,13+,MPAA
368,0.6,0.5,FALSE,0.0,0.3,TRUE,0.3,13+,MPAA
369,0.6,0.6,FALSE,0.0,0.3,FALSE,0.5,13+,MPAA
370,0.5,0.6,FALSE,0.0,0.3,FALSE,0.6,13+,MPAA
371,0.1,0.8,TRUE,0.5,0.8,TRUE,0.6,18+,MPAA
372,0.95,0.2,FALSE,0.0,0.1,FALSE,0.2,All,MPAA
373,0.95,0.2,FALSE,0.0,0.1,FALSE,0.2,All,MPAA
374,0.2,0.7,TRUE,0.2,0.4,FALSE,0.8,18+,MPAA
375,0.6,0.3,TRUE,0.2,0.2,FALSE,0.4,13+,MPAA
376,0.9,0.2,FALSE,0.0,0.1,FALSE,0.3,All,MPAA
377,0.95,0.2,FALSE,0.0,0.1,FALSE,0.2,All,MPAA
378,0.6,0.6,FALSE,0.0,0.3,FALSE,0.6,13+,MPAA
379,0.6,0.5,TRUE,0.2,0.3,FALSE,0.5,13+,MPAA
380,0.6,0.5,FALSE,0.0,0.3,FALSE,0.5,13+,MPAA
381,0.1,0.8,TRUE,0.4,0.9,TRUE,0.5,18+,MPAA
382,0.8,0.4,FALSE,0.0,0.2,FALSE,0.4,7+,MPAA
383,0.5,0.7,FALSE,0.0,0.3,TRUE,0.5,13+,MPAA
384,0.5,0.6,FALSE,0.0,0.3,FALSE,0.6,13+,MPAA
385,0.5,0.6,FALSE,0.0,0.3,FALSE,0.6,13+,MPAA
386,0.6,0.2,TRUE,0.4,0.2,TRUE,0.2,12+,BBFC
387,0.95,0.2,FALSE,0.0,0.1,FALSE,0.3,7+,MPAA
388,0.6,0.1,TRUE,0.5,0.3,TRUE,0.1,12+,BBFC
389,0.5,0.7,FALSE,0.0,0.3,FALSE,0.5,13+,MPAA
390,0.6,0.5,FALSE,0.0,0.3,TRUE,0.4,13+,MPAA
391,0.6,0.4,FALSE,0.0,0.2,FALSE,0.4,12+,BBFC
392,0.4,0.4,TRUE,0.3,0.2,TRUE,0.5,12+,BBFC
393,0.5,0.6,TRUE,0.3,0.3,TRUE,0.5,13+,MPAA
394,0.05,0.5,TRUE,0.9,0.9,TRUE,0.4,18+,MPAA
395,0.85,0.3,TRUE,0.2,0.3,TRUE,0.3,7+,MPAA
396,0.5,0.7,FALSE,0.0,0.3,FALSE,0.7,13+,MPAA
397,0.6,0.6,FALSE,0.0,0.3,TRUE,0.5,13+,MPAA
398,0.95,0.2,FALSE,0.0,0.1,FALSE,0.2,All,MPAA
399,0.95,0.2,FALSE,0.0,0.1,FALSE,0.2,All,MPAA
400,0.95,0.2,FALSE,0.0,0.1,FALSE,0.2,All,MPAA
401,0.5,0.6,FALSE,0.0,0.3,FALSE,0.5,13+,MPAA
402,0.5,0.6,FALSE,0.0,0.3,TRUE,0.5,13+,MPAA
403,0.4,0.4,TRUE,0.3,0.5,TRUE,0.4,15+,MPAA
404,0.3,0.9,FALSE,0.0,0.4,FALSE,0.7,15+,MPAA
405,0.95,0.2,FALSE,0.0,0.1,FALSE,0.2,All,MPAA
406,,,,,,,,,
407,0.5,0.7,FALSE,0.0,0.5,TRUE,0.5,13+,MPAA
408,0.9,0.3,FALSE,0.0,0.1,FALSE,0.3,All,MPAA
409,0.1,0.2,TRUE,0.9,0.5,TRUE,0.1,18+,MPAA
410,0.2,0.9,TRUE,0.3,0.6,TRUE,0.8,16+,MPAA
411,0.6,0.6,FALSE,0.0,0.3,TRUE,0.5,13+,MPAA
412,0.4,0.7,FALSE,0.0,0.5,TRUE,0.5,15+,MPAA
413,0.3,0.5,TRUE,0.6,0.7,TRUE,0.4,16+,MPAA
414,0.95,0.2,FALSE,0.0,0.1,FALSE,0.2,All,MPAA
415,0.5,0.7,FALSE,0.0,0.3,FALSE,0.6,12+,BBFC
416,0.5,0.7,FALSE,0.0,0.4,TRUE,0.5,13+,MPAA
417,0.95,0.2,FALSE,0.0,0.1,FALSE,0.2,All,MPAA
418,0.8,0.1,TRUE,0.3,0.2,TRUE,0.1,7+,MPAA
419,0.5,0.7,TRUE,0.2,0.3,TRUE,0.5,13+,MPAA
420,0.6,0.1,TRUE,0.3,0.3,TRUE,0.1,12+,BBFC
421,0.9,0.3,FALSE,0.0,0.1,FALSE,0.4,7+,MPAA
422,0.85,0.4,FALSE,0.0,0.3,FALSE,0.5,7+,MPAA
423,0.6,0.5,FALSE,0.0,0.3,TRUE,0.4,12+,IMDb
424,,,,,,,,,
425,0.5,0.6,FALSE,0.0,0.3,FALSE,0.5,13+,MPAA
426,0.1,0.2,TRUE,0.9,0.5,TRUE,0.1,18+,MPAA
427,0.9,0.2,FALSE,0.0,0.1,FALSE,0.2,All,MPAA
428,0.6,0.6,FALSE,0.0,0.3,TRUE,0.5,13+,MPAA
429,0.4,0.2,TRUE,0.6,0.4,TRUE,0.1,15+,MPAA
430,0.5,0.6,FALSE,0.0,0.3,TRUE,0.5,13+,MPAA
431,0.8,0.3,FALSE,0.0,0.2,FALSE,0.4,7+,MPAA
432,0.2,0.5,TRUE,0.6,0.8,TRUE,0.5,18+,MPAA
433,0.5,0.7,FALSE,0.0,0.3,FALSE,0.5,13+,MPAA
434,0.95,0.2,FALSE,0.0,0.1,FALSE,0.2,All,MPAA
435,0.6,0.1,TRUE,0.4,0.4,TRUE,0.1,13+,MPAA
436,,,,,,,,,
437,0.4,0.7,FALSE,0.0,0.6,TRUE,0.5,15+,MPAA
438,0.5,0.7,FALSE,0.0,0.6,TRUE,0.5,16+,MPAA
439,0.1,0.9,FALSE,0.0,0.5,TRUE,0.9,18+,MPAA
440,0.8,0.4,FALSE,0.0,0.2,FALSE,0.4,7+,MPAA
441,0.5,0.6,FALSE,0.0,0.3,FALSE,0.5,13+,MPAA
442,0.5,0.7,FALSE,0.0,0.3,FALSE,0.6,13+,MPAA
443,0.5,0.6,TRUE,0.3,0.5,TRUE,0.4,13+,MPAA
444,0.7,0.1,TRUE,0.3,0.2,TRUE,0.1,7+,MPAA
445,0.95,0.2,FALSE,0.0,0.1,FALSE,0.2,All,MPAA
446,0.5,0.3,TRUE,0.3,0.4,TRUE,0.2,13+,MPAA
447,0.95,0.2,FALSE,0.0,0.1,FALSE,0.2,All,MPAA
448,0.5,0.6,FALSE,0.0,0.3,FALSE,0.5,13+,MPAA
449,0.1,0.3,TRUE,0.8,0.9,TRUE,0.2,18+,MPAA
450,0.5,0.6,TRUE,0.3,0.5,TRUE,0.4,13+,MPAA
451,0.9,0.2,FALSE,0.0,0.1,FALSE,0.2,All,MPAA
452,0.5,0.6,TRUE,0.2,0.4,TRUE,0.4,13+,MPAA
453,0.95,0.3,FALSE,0.0,0.2,FALSE,0.3,All,MPAA
454,0.5,0.7,FALSE,0.0,0.3,FALSE,0.6,13+,MPAA
455,0.9,0.2,FALSE,0.0,0.1,TRUE,0.2,7+,MPAA
456,0.95,0.2,FALSE,0.0,0.1,FALSE,0.2,All,MPAA
457,0.6,0.5,TRUE,0.3,0.4,TRUE,0.3,12+,BBFC
458,0.6,0.6,FALSE,0.0,0.2,FALSE,0.5,13+,MPAA
459,0.4,0.8,FALSE,0.0,0.3,FALSE,0.7,13+,MPAA
460,0.5,0.6,TRUE,0.3,0.3,TRUE,0.4,13+,MPAA
461,0.2,0.3,TRUE,0.7,0.6,TRUE,0.2,18+,MPAA
462,0.95,0.3,FALSE,0.0,0.1,FALSE,0.3,All,MPAA
463,0.9,0.1,FALSE,0.0,0.1,TRUE,0.1,7+,IMDb
464,0.6,0.3,TRUE,0.3,0.3,TRUE,0.1,13+,MPAA
465,0.6,0.6,TRUE,0.3,0.3,TRUE,0.5,13+,MPAA
466,0.95,0.2,FALSE,0.0,0.1,FALSE,0.2,7+,MPAA
467,0.5,0.6,FALSE,0.0,0.4,FALSE,0.5,13+,MPAA
468,0.95,0.3,FALSE,0.0,0.1,FALSE,0.3,All,MPAA
469,0.4,0.3,TRUE,0.3,0.4,TRUE,0.2,13+,MPAA
470,0.9,0.3,FALSE,0.0,0.1,FALSE,0.4,7+,MPAA
471,0.6,0.6,FALSE,0.0,0.2,FALSE,0.6,12+,BBFC
472,0.05,0.4,TRUE,0.95,0.6,TRUE,0.3,18+,MPAA
473,0.95,0.2,FALSE,0.0,0.1,FALSE,0.2,All,MPAA
474,0.7,0.4,TRUE,0.2,0.3,TRUE,0.3,12+,BBFC
475,0.9,0.4,FALSE,0.0,0.1,FALSE,0.3,7+,MPAA
476,0.7,0.3,FALSE,0.0,0.2,TRUE,0.2,12+,BBFC
477,0.7,0.4,TRUE,0.3,0.2,TRUE,0.4,12+,BBFC
478,0.95,0.2,FALSE,0.0,0.1,FALSE,0.2,All,MPAA
479,0.1,0.9,FALSE,0.0,0.5,FALSE,0.95,18+,MPAA
480,0.05,0.95,TRUE,0.2,0.6,TRUE,0.9,18+,MPAA
481,0.5,0.3,TRUE,0.3,0.5,TRUE,0.4,13+,MPAA
482,0.6,0.5,TRUE,0.2,0.3,FALSE,0.7,12+,BBFC
483,0.95,0.2,FALSE,0.0,0.1,FALSE,0.2,All,MPAA
484,0.6,0.6,FALSE,0.0,0.3,FALSE,0.5,13+,MPAA
485,0.95,0.2,FALSE,0.0,0.1,FALSE,0.2,All,MPAA
486,0.5,0.6,FALSE,0.0,0.3,FALSE,0.6,13+,MPAA
487,0.5,0.6,FALSE,0.0,0.3,FALSE,0.6,13+,MPAA
488,0.9,0.2,FALSE,0.0,0.1,FALSE,0.3,All,MPAA
489,0.5,0.5,TRUE,0.3,0.6,TRUE,0.3,13+,MPAA
490,0.9,0.3,FALSE,0.0,0.1,FALSE,0.3,All,MPAA
491,0.95,0.2,FALSE,0.0,0.1,FALSE,0.2,All,MPAA
492,0.4,0.6,TRUE,0.3,0.6,TRUE,0.4,13+,MPAA
493,0.95,0.2,FALSE,0.0,0.1,FALSE,0.2,All,MPAA
494,0.95,0.2,FALSE,0.0,0.1,FALSE,0.2,All,MPAA
495,0.7,0.3,FALSE,0.0,0.3,TRUE,0.2,12+,BBFC
496,0.2,0.9,TRUE,0.5,0.9,TRUE,0.6,18+,MPAA
497,0.95,0.2,FALSE,0.0,0.1,FALSE,0.2,All,MPAA
498,0.9,0.2,FALSE,0.0,0.1,TRUE,0.3,7+,MPAA
499,0.95,0.2,FALSE,0.0,0.1,FALSE,0.2,All,MPAA
500,0.5,0.6,TRUE,0.3,0.3,TRUE,0.4,13+,MPAA
