film_id,setting_type,fictional_world_present,real_location_reference,setting_importance_score,time_period,geographical_scope,weather_motif_present,dominant_color_tone,technological_level,societal_structure,environmental_condition
1,FantasyWorld,TRUE,FALSE,0.95,Future,Interplanetary,TRUE,Natural,Futuristic,Dystopia,Destroyed
2,Mixed,TRUE,TRUE,0.9,Future,Interplanetary,TRUE,HighContrast,Futuristic,Democracy,Polluted
3,FantasyWorld,TRUE,FALSE,0.95,Future,Interplanetary,TRUE,Natural,Futuristic,Tribal,Intact
4,Maritime,FALSE,TRUE,0.9,Past,Global,TRUE,Cold,Modern,Democracy,Intact
5,Space,TRUE,FALSE,0.95,Future,Interplanetary,TRUE,HighContrast,Futuristic,Empire,Destroyed
6,Mixed,TRUE,TRUE,0.9,Future,Interplanetary,TRUE,HighContrast,Futuristic,Democracy,Polluted
7,FantasyWorld,TRUE,FALSE,0.85,Past,National,TRUE,Vibrant,Primitive,Empire,Intact
8,Urban,TRUE,TRUE,0.85,Present,Global,TRUE,HighContrast,Modern,Democracy,Polluted
9,FantasyWorld,TRUE,FALSE,0.8,Present,Local,TRUE,Vibrant,Modern,Democracy,Intact
10,Mixed,FALSE,TRUE,0.9,Present,Global,TRUE,Natural,Modern,Corporate,Polluted
11,FantasyWorld,TRUE,FALSE,0.9,Past,National,TRUE,Natural,Primitive,Tribal,Intact
12,Urban,TRUE,TRUE,0.85,Present,Global,FALSE,HighContrast,Modern,Democracy,Intact
13,Urban,FALSE,TRUE,0.85,Present,Global,FALSE,HighContrast,Modern,Corporate,Intact
14,Urban,FALSE,TRUE,0.9,Present,National,TRUE,Natural,Modern,Democracy,Intact
15,FantasyWorld,TRUE,FALSE,0.9,Past,National,TRUE,Cold,Primitive,Monarchy,Intact
16,Mixed,TRUE,TRUE,0.85,Present,Global,FALSE,Vibrant,Modern,Corporate,Idealized
17,Mixed,TRUE,TRUE,0.85,Future,Global,TRUE,HighContrast,Futuristic,Democracy,Polluted
18,FantasyWorld,TRUE,FALSE,0.9,Present,National,FALSE,Vibrant,Futuristic,Empire,Intact
19,Urban,TRUE,TRUE,0.85,Present,Global,FALSE,HighContrast,Modern,Democracy,Polluted
20,FantasyWorld,TRUE,FALSE,0.9,Present,National,TRUE,Vibrant,Modern,Monarchy,Intact
21,Space,TRUE,FALSE,0.9,Future,Interplanetary,TRUE,HighContrast,Futuristic,Empire,Destroyed
22,FantasyWorld,TRUE,FALSE,0.95,Past,National,TRUE,Cold,Primitive,Monarchy,Destroyed
23,Mixed,FALSE,TRUE,0.9,Present,Global,TRUE,Natural,Modern,Corporate,Polluted
24,FantasyWorld,TRUE,FALSE,0.9,Past,National,TRUE,Cold,Primitive,Monarchy,Intact
25,FantasyWorld,TRUE,FALSE,0.9,Past,Local,TRUE,Warm,Primitive,Monarchy,Intact
26,Urban,TRUE,TRUE,0.85,Present,Global,FALSE,Vibrant,Modern,Democracy,Intact
27,Urban,TRUE,TRUE,0.85,Present,Global,FALSE,HighContrast,Modern,Corporate,Polluted
28,Urban,FALSE,TRUE,0.85,Present,Global,FALSE,HighContrast,Modern,Corporate,Intact
29,FantasyWorld,TRUE,FALSE,0.8,Past,Global,FALSE,Vibrant,Primitive,Empire,Intact
30,Urban,TRUE,TRUE,0.85,Present,Global,FALSE,HighContrast,Modern,Democracy,Polluted
31,Underwater,TRUE,FALSE,0.9,Present,Global,TRUE,Natural,Futuristic,Monarchy,Intact
32,Urban,TRUE,TRUE,0.85,Present,Global,FALSE,Vibrant,Modern,Democracy,Intact
33,Space,TRUE,TRUE,0.9,Past,Interplanetary,FALSE,HighContrast,Futuristic,Empire,Intact
34,FantasyWorld,TRUE,FALSE,0.95,Past,Global,TRUE,Cold,Primitive,Monarchy,Destroyed
35,Urban,TRUE,TRUE,0.85,Present,Global,FALSE,HighContrast,Futuristic,Corporate,Polluted
36,Urban,FALSE,TRUE,0.8,Present,Global,FALSE,Desaturated,Modern,Democracy,Intact
37,Urban,TRUE,TRUE,0.85,Present,Global,FALSE,HighContrast,Futuristic,Corporate,Polluted
38,Urban,TRUE,TRUE,0.9,Present,Local,FALSE,Cold,Modern,Democracy,Polluted
39,Urban,FALSE,TRUE,0.9,Past,Local,TRUE,Desaturated,Modern,Democracy,Polluted
40,Mixed,TRUE,FALSE,0.85,Present,Global,FALSE,Warm,Modern,Democracy,Intact
41,Space,TRUE,FALSE,0.9,Future,Interplanetary,TRUE,HighContrast,Futuristic,Empire,Destroyed
42,Mixed,TRUE,FALSE,0.85,Present,Global,FALSE,Warm,Modern,Democracy,Intact
43,Maritime,TRUE,FALSE,0.9,Past,Global,TRUE,Warm,Primitive,Monarchy,Intact
44,Maritime,TRUE,FALSE,0.9,Present,Global,TRUE,Natural,Modern,Tribal,Intact
45,Mixed,FALSE,TRUE,0.9,Present,Local,TRUE,Natural,Modern,Corporate,Intact
46,Space,TRUE,FALSE,0.9,Future,Interplanetary,TRUE,Cold,Futuristic,Empire,Destroyed
47,Space,TRUE,FALSE,0.9,Past,Interplanetary,TRUE,HighContrast,Futuristic,Empire,Intact
48,Maritime,TRUE,FALSE,0.85,Past,Global,TRUE,Warm,Primitive,Monarchy,Intact
49,FantasyWorld,TRUE,FALSE,0.9,Past,Local,TRUE,Warm,Primitive,Monarchy,Idealized
50,Maritime,TRUE,TRUE,0.85,Present,Local,TRUE,Vibrant,Modern,Tribal,Intact
51,Urban,TRUE,TRUE,0.8,Present,Global,FALSE,Vibrant,Modern,Democracy,Intact
52,FantasyWorld,TRUE,FALSE,0.9,Past,Local,TRUE,Vibrant,Primitive,Monarchy,Idealized
53,Underwater,TRUE,FALSE,0.9,Present,Global,TRUE,Natural,Modern,Tribal,Intact
54,Urban,TRUE,FALSE,0.9,Present,Global,TRUE,Vibrant,Modern,Democracy,Idealized
55,FantasyWorld,TRUE,FALSE,0.95,Past,Global,TRUE,Natural,Primitive,Monarchy,Intact
56,Urban,TRUE,TRUE,0.9,Present,Local,FALSE,Desaturated,Modern,Democracy,Polluted
57,Mixed,FALSE,TRUE,0.9,Present,Global,TRUE,Natural,Modern,Corporate,Polluted
58,FantasyWorld,TRUE,FALSE,0.9,Past,National,TRUE,Natural,Primitive,Tribal,Intact
59,Urban,FALSE,TRUE,0.9,Past,National,FALSE,Desaturated,Modern,Democracy,Polluted
60,Urban,TRUE,TRUE,0.8,Present,Global,FALSE,Vibrant,Modern,Democracy,Intact
61,Urban,TRUE,TRUE,0.8,Present,Global,FALSE,Vibrant,Modern,Democracy,Intact
62,FantasyWorld,TRUE,FALSE,0.9,Past,National,TRUE,Cold,Primitive,Monarchy,Intact
63,Mixed,TRUE,TRUE,0.9,Present,Local,TRUE,Vibrant,Modern,Democracy,Intact
64,Maritime,TRUE,FALSE,0.9,Past,Global,TRUE,Warm,Primitive,Monarchy,Intact
65,FantasyWorld,TRUE,FALSE,0.95,Past,Global,TRUE,Natural,Primitive,Monarchy,Destroyed
66,FantasyWorld,TRUE,FALSE,0.9,Present,Global,FALSE,Vibrant,Modern,Tribal,Intact
67,Mixed,TRUE,TRUE,0.9,Mixed,Interplanetary,TRUE,HighContrast,Futuristic,Dystopia,Destroyed
68,Rural,TRUE,FALSE,0.9,Past,National,TRUE,Natural,Primitive,Tribal,Intact
69,FantasyWorld,TRUE,FALSE,0.9,Past,National,TRUE,Cold,Primitive,Monarchy,Destroyed
70,FantasyWorld,TRUE,FALSE,0.95,Past,Global,TRUE,Natural,Primitive,Monarchy,Destroyed
71,Urban,TRUE,TRUE,0.8,Past,National,FALSE,Vibrant,Modern,Democracy,Intact
72,FantasyWorld,TRUE,FALSE,0.9,Past,National,TRUE,Cold,Primitive,Monarchy,Intact
73,Underwater,TRUE,FALSE,0.9,Present,Global,TRUE,Natural,Modern,Tribal,Intact
74,FantasyWorld,TRUE,FALSE,0.9,Past,National,TRUE,Vibrant,Primitive,Monarchy,Intact
75,FantasyWorld,TRUE,FALSE,0.9,Past,National,TRUE,Cold,Primitive,Monarchy,Destroyed
76,FantasyWorld,TRUE,FALSE,0.95,Past,Global,TRUE,Cold,Primitive,Monarchy,Destroyed
77,Space,TRUE,FALSE,0.9,Future,Interplanetary,TRUE,HighContrast,Futuristic,Empire,Destroyed
78,Urban,TRUE,TRUE,0.9,Present,Local,FALSE,HighContrast,Modern,Democracy,Polluted
79,FantasyWorld,TRUE,FALSE,0.95,Past,Global,TRUE,Cold,Primitive,Monarchy,Intact
80,FantasyWorld,TRUE,FALSE,0.85,Past,Global,TRUE,Natural,Primitive,Tribal,Intact
81,Urban,TRUE,TRUE,0.85,Present,Local,FALSE,Vibrant,Modern,Democracy,Intact
82,FantasyWorld,TRUE,FALSE,0.9,Past,National,TRUE,Cold,Primitive,Monarchy,Intact
83,FantasyWorld,TRUE,FALSE,0.85,Past,Global,TRUE,Natural,Primitive,Tribal,Intact
84,Urban,FALSE,TRUE,0.9,Past,Global,FALSE,Warm,Modern,Democracy,Intact
85,Urban,FALSE,TRUE,0.9,Present,Global,FALSE,Desaturated,Modern,Democracy,Intact
86,Urban,TRUE,TRUE,0.85,Present,Local,FALSE,Vibrant,Modern,Democracy,Intact
87,FantasyWorld,TRUE,FALSE,0.9,Past,National,TRUE,Cold,Primitive,Monarchy,Intact
88,Urban,TRUE,TRUE,0.9,Present,Global,FALSE,Desaturated,Futuristic,Dystopia,Destroyed
89,Space,TRUE,FALSE,0.9,Future,Interplanetary,TRUE,Vibrant,Futuristic,Empire,Destroyed
90,Mixed,FALSE,TRUE,0.9,Future,Global,TRUE,Natural,Futuristic,Corporate,Polluted
91,Urban,TRUE,FALSE,0.9,Future,National,FALSE,HighContrast,Futuristic,Dystopia,Destroyed
92,FantasyWorld,TRUE,FALSE,0.9,Present,National,TRUE,Vibrant,Modern,Monarchy,Intact
93,Urban,TRUE,TRUE,0.85,Present,Local,FALSE,HighContrast,Modern,Corporate,Polluted
94,FantasyWorld,TRUE,FALSE,0.9,Future,Interplanetary,TRUE,Vibrant,Futuristic,Empire,Destroyed
95,FantasyWorld,TRUE,FALSE,0.85,Present,Local,TRUE,Vibrant,Modern,Democracy,Intact
96,Space,TRUE,FALSE,0.9,Future,Interplanetary,TRUE,Vibrant,Futuristic,Empire,Destroyed
97,Urban,FALSE,TRUE,0.85,Mixed,National,FALSE,Warm,Modern,Democracy,Intact
98,Urban,TRUE,TRUE,0.85,Present,Global,FALSE,HighContrast,Futuristic,Corporate,Polluted
99,FantasyWorld,TRUE,FALSE,0.85,Present,National,FALSE,Cold,Modern,Monarchy,Intact
100,Urban,TRUE,TRUE,0.95,Present,Global,FALSE,HighContrast,Modern,Corporate,Intact
101,Urban,TRUE,TRUE,0.9,Present,Local,FALSE,HighContrast,Modern,Democracy,Intact
102,Historical,TRUE,TRUE,0.9,Past,Global,TRUE,Warm,Primitive,Empire,Intact
103,Urban,TRUE,TRUE,0.9,Present,Global,TRUE,HighContrast,Modern,Democracy,Destroyed
104,Urban,TRUE,TRUE,0.9,Past,National,TRUE,Cold,Primitive,Monarchy,Intact
105,Urban,FALSE,TRUE,0.85,Present,Global,FALSE,HighContrast,Modern,Democracy,Intact
106,Historical,FALSE,TRUE,0.9,Past,National,TRUE,Cold,Modern,Empire,Destroyed
107,FantasyWorld,TRUE,FALSE,0.9,Past,National,TRUE,Vibrant,Primitive,Monarchy,Intact
108,Urban,TRUE,TRUE,0.9,Present,Local,TRUE,Natural,Modern,Democracy,Intact
109,Urban,TRUE,TRUE,0.9,Present,Local,FALSE,HighContrast,Modern,Democracy,Intact
110,FantasyWorld,TRUE,TRUE,0.9,Present,National,TRUE,Warm,Modern,Democracy,Idealized
111,Maritime,TRUE,FALSE,0.9,Past,Global,TRUE,Warm,Primitive,Monarchy,Intact
112,Mixed,TRUE,TRUE,0.85,Present,Local,TRUE,Vibrant,Modern,Democracy,Intact
113,Urban,FALSE,TRUE,0.85,Present,Global,FALSE,HighContrast,Modern,Corporate,Intact
114,Historical,TRUE,TRUE,0.9,Past,Global,FALSE,Natural,Modern,Democracy,Intact
115,Urban,FALSE,TRUE,0.9,Present,Global,FALSE,Desaturated,Modern,Democracy,Intact
116,Urban,TRUE,TRUE,0.9,Present,Global,FALSE,HighContrast,Modern,Democracy,Polluted
117,FantasyWorld,TRUE,FALSE,0.9,Past,National,TRUE,Cold,Primitive,Monarchy,Intact
118,Urban,TRUE,TRUE,0.85,Present,Local,FALSE,HighContrast,Modern,Democracy,Polluted
119,Space,TRUE,FALSE,0.95,Future,Interplanetary,TRUE,HighContrast,Futuristic,Empire,Destroyed
120,Urban,TRUE,TRUE,0.9,Present,Local,FALSE,Cold,Modern,Democracy,Polluted
121,Space,TRUE,FALSE,0.9,Future,Interplanetary,TRUE,Vibrant,Futuristic,Empire,Destroyed
122,Urban,FALSE,TRUE,0.85,Present,Global,FALSE,Desaturated,Modern,Democracy,Intact
123,Urban,TRUE,FALSE,0.9,Future,National,FALSE,Cold,Futuristic,Dystopia,Destroyed
124,FantasyWorld,TRUE,FALSE,0.9,Future,Interplanetary,TRUE,Vibrant,Futuristic,Empire,Destroyed
125,Urban,FALSE,TRUE,0.85,Present,Global,FALSE,HighContrast,Modern,Corporate,Intact
126,Urban,FALSE,TRUE,0.9,Present,Global,FALSE,Desaturated,Modern,Democracy,Intact
127,Urban,TRUE,TRUE,0.9,Present,Local,FALSE,HighContrast,Modern,Democracy,Intact
128,FantasyWorld,TRUE,FALSE,0.9,Past,National,TRUE,Warm,Primitive,Monarchy,Intact
129,Global,TRUE,TRUE,0.95,Future,Global,TRUE,HighContrast,Modern,Democracy,Destroyed
130,FantasyWorld,TRUE,FALSE,0.9,Past,National,TRUE,Vibrant,Primitive,Monarchy,Intact
131,FantasyWorld,TRUE,FALSE,0.9,Past,National,TRUE,Vibrant,Primitive,Monarchy,Idealized
132,Urban,TRUE,TRUE,0.85,Present,Global,FALSE,HighContrast,Modern,Corporate,Polluted
133,Mixed,TRUE,TRUE,0.9,Mixed,Global,FALSE,HighContrast,Futuristic,Democracy,Destroyed
134,Mixed,TRUE,TRUE,0.85,Present,Global,FALSE,Vibrant,Modern,Democracy,Intact
135,Urban,TRUE,FALSE,0.85,Past,National,FALSE,Vibrant,Modern,Democracy,Intact
136,FantasyWorld,TRUE,FALSE,0.9,Past,National,TRUE,Vibrant,Primitive,Empire,Intact
137,Urban,TRUE,TRUE,0.9,Future,Global,FALSE,HighContrast,Futuristic,Dystopia,Polluted
138,Mixed,TRUE,TRUE,0.9,Present,Global,TRUE,Natural,Modern,Democracy,Idealized
139,FantasyWorld,TRUE,FALSE,0.9,Past,National,TRUE,Natural,Primitive,Tribal,Intact
140,FantasyWorld,TRUE,FALSE,0.95,Past,National,TRUE,Cold,Primitive,Monarchy,Intact
141,Urban,FALSE,TRUE,0.85,Present,Global,FALSE,HighContrast,Modern,Corporate,Intact
142,FantasyWorld,TRUE,FALSE,0.95,Future,Interplanetary,TRUE,Cold,Futuristic,Empire,Destroyed
143,Urban,TRUE,TRUE,0.9,Present,Global,FALSE,Cold,Modern,Democracy,Polluted
144,Urban,FALSE,TRUE,0.85,Present,Global,FALSE,HighContrast,Modern,Corporate,Intact
145,PostApocalyptic,TRUE,FALSE,0.9,Future,Global,TRUE,Natural,Futuristic,Dystopia,Destroyed
146,Urban,TRUE,TRUE,0.9,Present,Local,FALSE,HighContrast,Modern,Democracy,Polluted
147,Urban,TRUE,TRUE,0.9,Present,Global,FALSE,HighContrast,Futuristic,Corporate,Polluted
148,FantasyWorld,TRUE,FALSE,0.85,Present,National,FALSE,Cold,Modern,Monarchy,Intact
149,Urban,FALSE,TRUE,0.9,Past,Local,TRUE,Cold,Modern,Democracy,Intact
150,Urban,FALSE,TRUE,0.9,Present,Global,FALSE,Desaturated,Modern,Democracy,Intact
151,Urban,TRUE,TRUE,0.95,Mixed,Interplanetary,TRUE,Vibrant,Futuristic,Democracy,Destroyed
152,Urban,FALSE,TRUE,0.9,Present,Global,FALSE,Desaturated,Modern,Democracy,Intact
153,FantasyWorld,TRUE,FALSE,0.85,Present,Local,FALSE,Cold,Modern,Monarchy,Intact
154,Space,TRUE,TRUE,0.95,Present,Interplanetary,TRUE,Cold,Futuristic,Democracy,Intact
155,Maritime,TRUE,FALSE,0.9,Past,National,TRUE,Vibrant,Primitive,Tribal,Intact
156,FantasyWorld,TRUE,FALSE,0.85,Present,National,FALSE,Cold,Modern,Monarchy,Intact
157,Mixed,FALSE,TRUE,0.9,Mixed,National,FALSE,Natural,Modern,Democracy,Intact
158,Urban,TRUE,FALSE,0.9,Future,National,FALSE,Cold,Futuristic,Dystopia,Destroyed
159,Urban,TRUE,TRUE,0.9,Present,Global,TRUE,HighContrast,Modern,Democracy,Intact
160,Urban,FALSE,TRUE,0.85,Present,Local,FALSE,Desaturated,Modern,Democracy,Intact
161,Urban,TRUE,TRUE,0.9,Present,Global,FALSE,HighContrast,Modern,Democracy,Polluted
162,FantasyWorld,TRUE,FALSE,0.9,Past,National,TRUE,Vibrant,Primitive,Empire,Intact
163,Urban,TRUE,TRUE,0.9,Present,Global,FALSE,HighContrast,Futuristic,Democracy,Polluted
164,Space,TRUE,FALSE,0.9,Past,Interplanetary,TRUE,HighContrast,Futuristic,Empire,Intact
165,FantasyWorld,TRUE,FALSE,0.9,Past,National,TRUE,Cold,Primitive,Monarchy,Intact
166,Maritime,TRUE,FALSE,0.9,Past,Global,TRUE,Warm,Primitive,Monarchy,Intact
167,Urban,TRUE,TRUE,0.9,Present,Global,FALSE,HighContrast,Modern,Corporate,Intact
168,Space,TRUE,TRUE,0.95,Future,Interplanetary,TRUE,Cold,Futuristic,Democracy,Intact
169,FantasyWorld,TRUE,FALSE,0.85,Past,Global,TRUE,Natural,Primitive,Tribal,Intact
170,Urban,TRUE,TRUE,0.9,Future,National,FALSE,Vibrant,Futuristic,Democracy,Intact
171,Urban,TRUE,FALSE,0.9,Future,National,FALSE,Cold,Futuristic,Dystopia,Destroyed
172,FantasyWorld,TRUE,FALSE,0.9,Past,Interplanetary,TRUE,Cold,Futuristic,Empire,Destroyed
173,Space,TRUE,TRUE,0.95,Future,Interplanetary,TRUE,Cold,Futuristic,Democracy,Destroyed
174,FantasyWorld,TRUE,FALSE,0.9,Past,National,TRUE,Vibrant,Primitive,Empire,Intact
175,FantasyWorld,TRUE,FALSE,0.9,Past,National,TRUE,Natural,Primitive,Tribal,Intact
176,Urban,TRUE,TRUE,0.85,Past,Local,FALSE,Warm,Modern,Democracy,Idealized
177,FantasyWorld,TRUE,FALSE,0.9,Past,National,TRUE,Vibrant,Primitive,Empire,Intact
178,Urban,TRUE,TRUE,0.9,Present,Global,FALSE,Vibrant,Modern,Democracy,Intact
179,Urban,TRUE,FALSE,0.85,Present,Local,FALSE,Vibrant,Modern,Democracy,Intact
180,Urban,FALSE,TRUE,0.85,Present,Global,FALSE,HighContrast,Modern,Corporate,Intact
181,Urban,FALSE,TRUE,0.85,Present,Global,FALSE,HighContrast,Modern,Corporate,Intact
182,Urban,TRUE,TRUE,0.9,Present,Local,FALSE,Warm,Modern,Democracy,Intact
183,Urban,TRUE,TRUE,0.85,Present,Global,FALSE,HighContrast,Modern,Democracy,Polluted
184,Urban,TRUE,TRUE,0.85,Present,Global,FALSE,Vibrant,Modern,Democracy,Intact
185,Historical,FALSE,TRUE,0.9,Past,National,TRUE,Warm,Primitive,Empire,Intact
186,Urban,TRUE,TRUE,0.9,Present,Global,FALSE,HighContrast,Modern,Corporate,Polluted
187,Maritime,TRUE,TRUE,0.9,Present,Global,TRUE,Natural,Modern,Democracy,Intact
188,Mixed,FALSE,TRUE,0.9,Present,Global,TRUE,Natural,Modern,Corporate,Intact
189,Urban,TRUE,TRUE,0.9,Present,Global,FALSE,HighContrast,Modern,Democracy,Intact
190,FantasyWorld,TRUE,FALSE,0.9,Past,National,TRUE,Natural,Primitive,Tribal,Intact
191,Urban,TRUE,TRUE,0.9,Future,National,FALSE,Desaturated,Futuristic,Democracy,Destroyed
192,Space,TRUE,TRUE,0.95,Future,Interplanetary,TRUE,Cold,Futuristic,Democracy,Destroyed
193,Urban,TRUE,TRUE,0.9,Present,Global,TRUE,HighContrast,Modern,Democracy,Destroyed
194,Urban,TRUE,TRUE,0.9,Present,Global,FALSE,HighContrast,Futuristic,Corporate,Polluted
195,Rural,TRUE,FALSE,0.85,Past,National,FALSE,Vibrant,Primitive,Tribal,Intact
196,Urban,FALSE,TRUE,0.9,Present,Global,FALSE,Desaturated,Modern,Democracy,Intact
197,Urban,FALSE,TRUE,0.9,Present,Global,FALSE,Desaturated,Modern,Democracy,Intact
198,Urban,FALSE,TRUE,0.9,Present,Global,FALSE,Desaturated,Modern,Democracy,Intact
199,Urban,TRUE,TRUE,0.9,Present,Global,FALSE,HighContrast,Modern,Democracy,Intact
200,Urban,FALSE,TRUE,0.85,Present,National,FALSE,Vibrant,Modern,Democracy,Intact
201,Urban,TRUE,TRUE,0.95,Future,Local,TRUE,Desaturated,Futuristic,Dystopia,Destroyed
202,Urban,TRUE,TRUE,0.9,Present,Global,FALSE,HighContrast,Modern,Corporate,Intact
203,Urban,TRUE,FALSE,0.95,Future,Global,FALSE,Vibrant,Futuristic,Dystopia,Destroyed
204,FantasyWorld,TRUE,FALSE,0.9,Past,National,TRUE,Warm,Primitive,Monarchy,Idealized
205,Historical,FALSE,TRUE,0.9,Past,National,FALSE,Cold,Primitive,Empire,Intact
206,Rural,FALSE,TRUE,0.85,Present,Local,FALSE,Warm,Modern,Democracy,Idealized
207,Urban,TRUE,TRUE,0.9,Present,Local,FALSE,Warm,Modern,Democracy,Intact
208,FantasyWorld,TRUE,FALSE,0.9,Past,Global,TRUE,Natural,Primitive,Tribal,Intact
209,FantasyWorld,TRUE,FALSE,0.95,Future,Global,TRUE,HighContrast,Futuristic,Dystopia,Destroyed
210,Maritime,TRUE,FALSE,0.9,Past,Global,TRUE,Natural,Modern,Tribal,Intact
211,Urban,FALSE,TRUE,0.8,Present,Local,FALSE,Warm,Modern,Democracy,Intact
212,Urban,FALSE,TRUE,0.85,Present,National,FALSE,Vibrant,Modern,Democracy,Intact
213,Underwater,TRUE,FALSE,0.9,Past,Global,TRUE,Vibrant,Primitive,Monarchy,Intact
214,Urban,FALSE,TRUE,0.9,Present,Global,FALSE,Desaturated,Modern,Democracy,Intact
215,Urban,TRUE,TRUE,0.85,Present,Local,FALSE,Vibrant,Modern,Democracy,Intact
216,Urban,TRUE,FALSE,0.9,Present,Global,FALSE,Vibrant,Modern,Corporate,Intact
217,Urban,TRUE,TRUE,0.85,Present,Global,FALSE,Vibrant,Modern,Corporate,Intact
218,Rural,TRUE,TRUE,0.9,Past,Global,TRUE,Natural,Modern,Democracy,Intact
219,FantasyWorld,TRUE,FALSE,0.9,Past,Global,FALSE,Vibrant,Primitive,Tribal,Intact
220,Urban,TRUE,TRUE,0.85,Present,Local,FALSE,Warm,Modern,Democracy,Intact
221,Urban,FALSE,TRUE,0.9,Future,Global,TRUE,Cold,Modern,Democracy,Destroyed
222,FantasyWorld,TRUE,FALSE,0.9,Past,National,TRUE,Warm,Primitive,Monarchy,Intact
223,Rural,TRUE,FALSE,0.9,Past,National,TRUE,Natural,Primitive,Tribal,Intact
224,Space,TRUE,TRUE,0.9,Present,Interplanetary,FALSE,HighContrast,Modern,Democracy,Destroyed
225,Urban,FALSE,TRUE,0.85,Present,Global,FALSE,Desaturated,Modern,Democracy,Intact
226,Space,TRUE,FALSE,0.95,Future,Interplanetary,TRUE,HighContrast,Futuristic,Empire,Destroyed
227,FantasyWorld,TRUE,FALSE,0.9,Past,National,TRUE,Vibrant,Primitive,Empire,Intact
228,Urban,FALSE,TRUE,0.9,Present,Global,FALSE,Cold,Modern,Democracy,Intact
229,Urban,TRUE,TRUE,0.85,Present,Global,FALSE,Vibrant,Modern,Democracy,Intact
230,Urban,FALSE,TRUE,0.85,Present,National,FALSE,Vibrant,Modern,Democracy,Intact
231,Mixed,TRUE,TRUE,0.9,Mixed,Global,FALSE,HighContrast,Futuristic,Dystopia,Destroyed
232,FantasyWorld,TRUE,FALSE,0.9,Past,National,TRUE,Warm,Primitive,Monarchy,Idealized
233,Historical,TRUE,TRUE,0.9,Past,National,FALSE,Cold,Modern,Empire,Intact
234,Rural,FALSE,TRUE,0.9,Past,National,TRUE,Cold,Primitive,Unknown,Intact
235,Urban,TRUE,FALSE,0.95,Future,Global,TRUE,Desaturated,Futuristic,Corporate,Polluted
236,Urban,TRUE,TRUE,0.9,Present,Global,FALSE,Desaturated,Modern,Democracy,Destroyed
237,Urban,TRUE,TRUE,0.9,Future,Global,FALSE,Vibrant,Futuristic,Corporate,Intact
238,Underwater,TRUE,TRUE,0.9,Present,Global,TRUE,Cold,Modern,Democracy,Intact
239,Urban,TRUE,TRUE,0.9,Present,Global,TRUE,Cold,Modern,Democracy,Destroyed
240,Historical,FALSE,TRUE,0.9,Past,National,TRUE,Cold,Modern,Empire,Destroyed
241,Urban,TRUE,FALSE,0.85,Present,Global,FALSE,Vibrant,Modern,Corporate,Intact
242,Maritime,TRUE,FALSE,0.85,Present,Global,FALSE,Vibrant,Modern,Monarchy,Intact
243,Urban,TRUE,TRUE,0.9,Present,Global,TRUE,Vibrant,Modern,Democracy,Polluted
244,Underwater,TRUE,TRUE,0.9,Present,Global,TRUE,Vibrant,Modern,Corporate,Polluted
245,Urban,TRUE,TRUE,0.9,Future,Global,FALSE,HighContrast,Futuristic,Democracy,Intact
246,FantasyWorld,TRUE,FALSE,0.95,Past,National,TRUE,Natural,Primitive,Tribal,Intact
247,FantasyWorld,TRUE,FALSE,0.9,Past,National,TRUE,Vibrant,Primitive,Empire,Intact
248,Urban,TRUE,TRUE,0.9,Present,Global,FALSE,Vibrant,Modern,Democracy,Intact
249,Urban,TRUE,TRUE,0.9,Present,Local,FALSE,Warm,Modern,Democracy,Intact
250,Space,TRUE,TRUE,0.95,Future,Interplanetary,TRUE,Cold,Futuristic,Democracy,Destroyed
251,Urban,FALSE,TRUE,0.8,Present,National,FALSE,Warm,Modern,Democracy,Intact
252,Historical,FALSE,TRUE,0.9,Past,National,TRUE,Cold,Modern,Empire,Destroyed
253,Urban,TRUE,TRUE,0.95,Future,Global,FALSE,Desaturated,Futuristic,Dystopia,Destroyed
254,Urban,TRUE,FALSE,0.85,Present,Local,TRUE,Cold,Modern,Democracy,Idealized
255,FantasyWorld,TRUE,FALSE,0.9,Past,National,TRUE,Cold,Primitive,Empire,Intact
256,Mixed,TRUE,FALSE,0.85,Present,Global,FALSE,Vibrant,Modern,Democracy,Intact
257,Urban,FALSE,TRUE,0.85,Present,Global,FALSE,HighContrast,Modern,Corporate,Polluted
258,Urban,FALSE,TRUE,0.85,Present,Local,FALSE,Warm,Modern,Democracy,Intact
259,FantasyWorld,TRUE,FALSE,0.9,Past,National,TRUE,Warm,Primitive,Monarchy,Idealized
260,Urban,TRUE,TRUE,0.85,Present,Local,FALSE,HighContrast,Modern,Democracy,Polluted
261,Rural,FALSE,TRUE,0.9,Present,National,TRUE,Natural,Modern,Democracy,Destroyed
262,Historical,TRUE,TRUE,0.9,Past,National,FALSE,Cold,Modern,Empire,Intact
263,Maritime,FALSE,TRUE,0.9,Present,Local,TRUE,Natural,Modern,Democracy,Intact
264,Urban,TRUE,FALSE,0.9,Present,Global,FALSE,Vibrant,Modern,Corporate,Intact
265,FantasyWorld,TRUE,FALSE,0.95,Past,National,TRUE,Natural,Primitive,Tribal,Intact
266,FantasyWorld,TRUE,FALSE,0.9,Past,National,TRUE,HighContrast,Primitive,Empire,Intact
267,Urban,FALSE,TRUE,0.9,Present,Global,FALSE,HighContrast,Modern,Democracy,Intact
268,Rural,TRUE,FALSE,0.85,Present,Global,FALSE,Vibrant,Modern,Tribal,Intact
269,FantasyWorld,TRUE,FALSE,0.9,Past,National,TRUE,Vibrant,Primitive,Monarchy,Intact
270,Urban,TRUE,TRUE,0.85,Present,National,FALSE,Cold,Modern,Democracy,Intact
271,FantasyWorld,TRUE,FALSE,0.9,Past,National,TRUE,Vibrant,Primitive,Monarchy,Intact
272,Urban,TRUE,TRUE,0.9,Present,Global,FALSE,Vibrant,Modern,Democracy,Intact
273,PostApocalyptic,TRUE,FALSE,0.95,Future,Global,TRUE,Cold,Futuristic,Dystopia,Destroyed
274,FantasyWorld,TRUE,FALSE,0.9,Past,National,TRUE,Vibrant,Primitive,Monarchy,Intact
275,Rural,TRUE,FALSE,0.85,Present,Global,FALSE,Vibrant,Modern,Tribal,Intact
276,Urban,FALSE,TRUE,0.85,Present,Global,FALSE,HighContrast,Modern,Corporate,Intact
277,Historical,FALSE,TRUE,0.95,Past,Global,TRUE,Cold,Modern,Democracy,Destroyed
278,Urban,TRUE,TRUE,0.9,Present,Global,FALSE,HighContrast,Modern,Corporate,Intact
279,FantasyWorld,TRUE,FALSE,0.9,Present,National,TRUE,Vibrant,Modern,Democracy,Intact
280,Urban,FALSE,TRUE,0.85,Present,National,FALSE,Natural,Modern,Democracy,Intact
281,Urban,FALSE,TRUE,0.85,Present,Local,FALSE,Vibrant,Modern,Democracy,Intact
282,FantasyWorld,TRUE,FALSE,0.9,Past,National,TRUE,Warm,Primitive,Monarchy,Intact
283,Historical,FALSE,TRUE,0.95,Past,National,TRUE,Warm,Primitive,Empire,Destroyed
284,Space,TRUE,FALSE,0.95,Future,Interplanetary,TRUE,HighContrast,Futuristic,Empire,Destroyed
285,Urban,FALSE,TRUE,0.85,Present,Local,FALSE,Warm,Modern,Democracy,Intact
286,FantasyWorld,TRUE,TRUE,0.9,Future,Interplanetary,FALSE,Vibrant,Futuristic,Democracy,Intact
287,FantasyWorld,TRUE,FALSE,0.9,Past,National,FALSE,Vibrant,Modern,Corporate,Idealized
288,FantasyWorld,TRUE,FALSE,0.85,Present,Global,FALSE,Vibrant,Modern,Monarchy,Intact
289,Urban,FALSE,TRUE,0.95,Present,Global,TRUE,HighContrast,Modern,Democracy,Destroyed
290,Urban,TRUE,TRUE,0.9,Present,Global,FALSE,HighContrast,Modern,Democracy,Polluted
291,Historical,TRUE,TRUE,0.9,Past,Global,FALSE,Natural,Modern,Empire,Intact
292,Urban,TRUE,TRUE,0.9,Present,Local,TRUE,Cold,Modern,Democracy,Intact
293,Urban,FALSE,TRUE,0.9,Present,Local,TRUE,Cold,Modern,Democracy,Destroyed
294,PostApocalyptic,TRUE,FALSE,0.95,Future,Global,TRUE,Natural,Futuristic,Dystopia,Destroyed
295,FantasyWorld,TRUE,TRUE,0.95,Present,Global,TRUE,HighContrast,Futuristic,Democracy,Destroyed
296,Urban,TRUE,FALSE,0.9,Present,Global,FALSE,Vibrant,Modern,Corporate,Intact
297,Space,TRUE,TRUE,0.95,Future,Interplanetary,FALSE,HighContrast,Futuristic,Democracy,Intact
298,Urban,TRUE,TRUE,0.95,Future,Global,FALSE,HighContrast,Futuristic,Dystopia,Polluted
299,Urban,FALSE,TRUE,0.85,Present,National,FALSE,Warm,Modern,Democracy,Intact
300,Urban,TRUE,TRUE,0.9,Past,Global,FALSE,Vibrant,Modern,Corporate,Intact
301,Rural,TRUE,FALSE,0.9,Present,National,FALSE,Warm,Modern,Democracy,Intact
302,Historical,FALSE,TRUE,0.95,Past,National,TRUE,Warm,Primitive,Empire,Destroyed
303,Space,TRUE,TRUE,0.9,Future,Interplanetary,TRUE,Cold,Futuristic,Democracy,Intact
304,Urban,TRUE,TRUE,0.9,Present,Global,FALSE,HighContrast,Modern,Democracy,Polluted
305,Urban,FALSE,TRUE,0.85,Present,Global,FALSE,Desaturated,Modern,Democracy,Intact
306,Urban,TRUE,TRUE,0.9,Present,Global,FALSE,HighContrast,Modern,Corporate,Intact
307,Historical,TRUE,TRUE,0.9,Past,Global,FALSE,Warm,Modern,Democracy,Intact
308,Historical,FALSE,TRUE,0.95,Past,National,TRUE,Natural,Primitive,Empire,Intact
309,Urban,TRUE,TRUE,0.9,Past,National,FALSE,Warm,Modern,Democracy,Intact
310,Historical,TRUE,FALSE,0.95,Past,National,TRUE,HighContrast,Primitive,Empire,Destroyed
311,Urban,TRUE,TRUE,0.85,Present,Local,FALSE,Vibrant,Modern,Democracy,Intact
312,Historical,FALSE,TRUE,0.95,Past,National,TRUE,Warm,Primitive,Empire,Destroyed
313,Urban,FALSE,TRUE,0.9,Present,National,FALSE,Desaturated,Modern,Democracy,Polluted
314,Urban,FALSE,TRUE,0.85,Present,Global,FALSE,Warm,Modern,Corporate,Intact
315,Historical,FALSE,TRUE,0.9,Past,National,TRUE,Warm,Primitive,Empire,Destroyed
316,FantasyWorld,TRUE,FALSE,0.9,Past,Interplanetary,TRUE,Vibrant,Futuristic,Empire,Destroyed
317,Historical,FALSE,TRUE,0.9,Past,Global,TRUE,Cold,Modern,Democracy,Destroyed
318,Rural,TRUE,FALSE,0.9,Past,National,TRUE,Natural,Primitive,Tribal,Intact
319,Urban,FALSE,TRUE,0.9,Present,Global,FALSE,HighContrast,Modern,Corporate,Polluted
320,Urban,TRUE,TRUE,0.85,Present,Local,FALSE,Vibrant,Modern,Democracy,Intact
321,Mixed,FALSE,TRUE,0.85,Mixed,National,FALSE,Natural,Modern,Democracy,Intact
322,Urban,FALSE,TRUE,0.85,Present,National,FALSE,Cold,Modern,Democracy,Intact
323,Urban,FALSE,TRUE,0.9,Present,Global,FALSE,Desaturated,Modern,Corporate,Intact
324,Urban,TRUE,TRUE,0.85,Present,National,FALSE,Vibrant,Modern,Democracy,Intact
325,Urban,TRUE,TRUE,0.9,Present,Global,FALSE,HighContrast,Modern,Democracy,Intact
326,Urban,FALSE,TRUE,0.8,Present,Local,FALSE,Warm,Modern,Democracy,Intact
327,Underwater,TRUE,FALSE,0.9,Present,Global,TRUE,Vibrant,Futuristic,Monarchy,Intact
328,Urban,TRUE,TRUE,0.9,Past,Global,FALSE,HighContrast,Futuristic,Corporate,Destroyed
329,FantasyWorld,TRUE,FALSE,0.9,Past,Global,TRUE,Cold,Primitive,Empire,Destroyed
330,FantasyWorld,TRUE,FALSE,0.9,Past,National,TRUE,Warm,Primitive,Monarchy,Idealized
331,Historical,FALSE,TRUE,0.9,Past,National,TRUE,Cold,Modern,Empire,Destroyed
332,Urban,FALSE,TRUE,0.85,Present,National,FALSE,Warm,Modern,Democracy,Intact
333,Historical,FALSE,TRUE,0.9,Past,National,TRUE,Cold,Primitive,Empire,Destroyed
334,FantasyWorld,TRUE,TRUE,0.9,Past,Global,TRUE,Warm,Modern,Empire,Intact
335,Urban,TRUE,TRUE,0.9,Present,Global,FALSE,Vibrant,Modern,Corporate,Intact
336,Urban,TRUE,TRUE,0.9,Future,Global,FALSE,Desaturated,Futuristic,Dystopia,Destroyed
337,Urban,FALSE,TRUE,0.85,Present,Local,FALSE,Warm,Modern,Democracy,Intact
338,Mixed,TRUE,TRUE,0.9,Present,Global,FALSE,Vibrant,Modern,Empire,Intact
339,Urban,TRUE,TRUE,0.9,Future,Global,FALSE,HighContrast,Futuristic,Dystopia,Destroyed
340,Urban,FALSE,TRUE,0.9,Present,Global,FALSE,HighContrast,Modern,Democracy,Intact
341,Historical,FALSE,TRUE,0.9,Past,National,FALSE,Cold,Modern,Monarchy,Intact
342,Urban,FALSE,TRUE,0.85,Present,National,FALSE,Vibrant,Modern,Democracy,Intact
343,FantasyWorld,TRUE,FALSE,0.95,Future,Interplanetary,TRUE,Cold,Futuristic,Empire,Destroyed
344,Urban,FALSE,TRUE,0.9,Present,Local,TRUE,Cold,Modern,Democracy,Intact
345,Urban,FALSE,TRUE,0.85,Past,National,FALSE,Warm,Modern,Democracy,Idealized
346,Urban,TRUE,TRUE,0.9,Present,Global,FALSE,HighContrast,Modern,Corporate,Destroyed
347,Urban,TRUE,TRUE,0.95,Future,Global,FALSE,HighContrast,Futuristic,Dystopia,Destroyed
348,Rural,FALSE,TRUE,0.9,Present,Global,TRUE,Natural,Modern,Democracy,Intact
349,Urban,FALSE,TRUE,0.85,Present,National,FALSE,Warm,Modern,Democracy,Intact
350,Urban,FALSE,TRUE,0.85,Present,Global,FALSE,HighContrast,Modern,Democracy,Intact
351,Rural,FALSE,TRUE,0.95,Past,National,TRUE,Natural,Primitive,Tribal,Intact
352,Urban,FALSE,TRUE,0.85,Present,National,FALSE,Vibrant,Modern,Democracy,Intact
353,Historical,TRUE,TRUE,0.9,Past,Global,FALSE,Warm,Modern,Empire,Intact
354,FantasyWorld,TRUE,FALSE,0.9,Past,Global,TRUE,Natural,Primitive,Monarchy,Intact
355,FantasyWorld,TRUE,FALSE,0.9,Past,National,TRUE,Natural,Primitive,Monarchy,Destroyed
356,Urban,TRUE,TRUE,0.9,Present,Global,FALSE,Desaturated,Modern,Democracy,Intact
357,Urban,FALSE,TRUE,0.9,Present,Global,FALSE,Desaturated,Modern,Corporate,Intact
358,Urban,FALSE,TRUE,0.85,Present,Global,FALSE,Warm,Modern,Democracy,Intact
359,Urban,TRUE,TRUE,0.9,Future,Global,FALSE,HighContrast,Futuristic,Democracy,Intact
360,Urban,TRUE,TRUE,0.9,Present,Local,FALSE,HighContrast,Modern,Democracy,Polluted
361,Urban,FALSE,TRUE,0.8,Present,National,FALSE,Natural,Modern,Democracy,Intact
362,Urban,TRUE,TRUE,0.95,Future,Global,TRUE,HighContrast,Futuristic,Democracy,Destroyed
363,Urban,FALSE,TRUE,0.85,Present,National,FALSE,Warm,Modern,Democracy,Intact
364,Urban,TRUE,TRUE,0.9,Present,Global,FALSE,HighContrast,Modern,Corporate,Destroyed
365,Urban,TRUE,TRUE,0.9,Present,Global,FALSE,HighContrast,Modern,Corporate,Intact
366,Rural,TRUE,TRUE,0.9,Present,National,TRUE,Cold,Modern,Democracy,Intact
367,FantasyWorld,TRUE,FALSE,0.9,Past,National,TRUE,Cold,Primitive,Monarchy,Intact
368,Urban,TRUE,TRUE,0.9,Present,Global,FALSE,Natural,Modern,Corporate,Intact
369,Urban,TRUE,TRUE,0.9,Present,Global,FALSE,HighContrast,Modern,Democracy,Polluted
370,Historical,TRUE,TRUE,0.9,Past,Global,FALSE,Warm,Modern,Empire,Intact
371,Urban,TRUE,TRUE,0.9,Present,Global,FALSE,HighContrast,Modern,Corporate,Intact
372,Urban,TRUE,FALSE,0.85,Present,Global,FALSE,Vibrant,Modern,Democracy,Intact
373,Urban,TRUE,TRUE,0.9,Present,Global,FALSE,Vibrant,Modern,Democracy,Intact
374,Space,TRUE,TRUE,0.95,Future,Interplanetary,FALSE,Cold,Futuristic,Corporate,Destroyed
375,FantasyWorld,TRUE,FALSE,0.85,Present,National,FALSE,Cold,Modern,Monarchy,Intact
376,Urban,TRUE,TRUE,0.9,Present,Global,FALSE,Vibrant,Modern,Democracy,Intact
377,FantasyWorld,TRUE,FALSE,0.85,Future,Global,TRUE,Natural,Futuristic,Dystopia,Intact
378,Urban,TRUE,TRUE,0.95,Future,Global,FALSE,HighContrast,Futuristic,Corporate,Destroyed
379,FantasyWorld,TRUE,FALSE,0.9,Past,Global,TRUE,Vibrant,Futuristic,Empire,Destroyed
380,FantasyWorld,TRUE,FALSE,0.9,Past,National,TRUE,Cold,Primitive,Monarchy,Destroyed
381,Urban,FALSE,TRUE,0.85,Present,Global,FALSE,HighContrast,Modern,Corporate,Intact
382,Urban,TRUE,TRUE,0.95,Future,Global,FALSE,HighContrast,Futuristic,Corporate,Intact
383,Urban,FALSE,TRUE,0.9,Present,Global,FALSE,Desaturated,Modern,Democracy,Intact
384,Underwater,TRUE,TRUE,0.9,Present,Global,TRUE,Cold,Modern,Democracy,Intact
385,PostApocalyptic,TRUE,FALSE,0.95,Future,Global,TRUE,Natural,Futuristic,Dystopia,Destroyed
386,Rural,FALSE,TRUE,0.85,Past,National,FALSE,Warm,Modern,Democracy,Idealized
387,FantasyWorld,TRUE,FALSE,0.95,Past,National,TRUE,Vibrant,Primitive,Monarchy,Intact
388,Urban,FALSE,TRUE,0.85,Past,National,FALSE,Warm,Modern,Democracy,Intact
389,Urban,TRUE,TRUE,0.9,Present,Global,FALSE,HighContrast,Modern,Empire,Destroyed
390,Space,TRUE,FALSE,0.9,Past,Interplanetary,FALSE,HighContrast,Futuristic,Empire,Intact
391,Urban,TRUE,TRUE,0.9,Present,Global,FALSE,HighContrast,Modern,Democracy,Intact
392,Historical,FALSE,TRUE,0.9,Past,National,FALSE,Warm,Primitive,Empire,Intact
393,Historical,TRUE,FALSE,0.9,Past,National,TRUE,Natural,Primitive,Empire,Intact
394,Urban,FALSE,TRUE,0.9,Past,National,FALSE,Vibrant,Modern,Corporate,Polluted
395,Urban,TRUE,TRUE,0.9,Mixed,National,FALSE,Vibrant,Modern,Democracy,Intact
396,Urban,TRUE,TRUE,0.95,Present,Global,TRUE,Cold,Modern,Democracy,Destroyed
397,Space,TRUE,TRUE,0.95,Future,Interplanetary,FALSE,HighContrast,Futuristic,Democracy,Intact
398,FantasyWorld,TRUE,FALSE,0.9,Past,Global,TRUE,Natural,Primitive,Tribal,Intact
399,Urban,TRUE,TRUE,0.9,Future,Global,FALSE,Vibrant,Futuristic,Corporate,Intact
400,Underwater,TRUE,FALSE,0.9,Present,Global,TRUE,Cold,Modern,Tribal,Intact
401,Urban,TRUE,TRUE,0.95,Future,Global,TRUE,HighContrast,Futuristic,Democracy,Destroyed
402,Historical,TRUE,TRUE,0.9,Past,Global,FALSE,Warm,Modern,Empire,Intact
403,Urban,FALSE,TRUE,0.9,Present,National,FALSE,Warm,Modern,Democracy,Intact
404,Historical,FALSE,TRUE,0.95,Past,National,TRUE,Cold,Modern,Empire,Destroyed
405,Rural,TRUE,FALSE,0.85,Present,National,FALSE,Vibrant,Modern,Democracy,Intact
406,Urban,TRUE,TRUE,0.9,Future,Global,FALSE,HighContrast,Futuristic,Democracy,Intact
407,Urban,FALSE,TRUE,0.9,Present,Global,FALSE,HighContrast,Modern,Democracy,Polluted
408,Urban,TRUE,TRUE,0.9,Present,Global,FALSE,Vibrant,Modern,Democracy,Destroyed
409,Urban,FALSE,TRUE,0.8,Present,Local,FALSE,Warm,Modern,Democracy,Intact
410,PostApocalyptic,TRUE,FALSE,0.95,Future,Global,TRUE,Desaturated,Futuristic,Dystopia,Destroyed
411,Urban,TRUE,TRUE,0.9,Past,Global,FALSE,HighContrast,Modern,Empire,Polluted
412,Urban,FALSE,TRUE,0.85,Present,National,FALSE,Desaturated,Modern,Democracy,Intact
413,Urban,FALSE,TRUE,0.9,Past,National,FALSE,Warm,Modern,Democracy,Intact
414,FantasyWorld,TRUE,FALSE,0.9,Present,Global,FALSE,Vibrant,Modern,Monarchy,Intact
415,Urban,TRUE,TRUE,0.9,Present,Global,TRUE,Cold,Modern,Democracy,Destroyed
416,Urban,TRUE,TRUE,0.9,Present,Global,FALSE,HighContrast,Modern,Empire,Intact
417,Urban,TRUE,FALSE,0.9,Present,Global,FALSE,Vibrant,Modern,Democracy,Intact
418,Urban,FALSE,TRUE,0.8,Present,Local,FALSE,Warm,Modern,Democracy,Intact
419,Urban,TRUE,TRUE,0.9,Past,Global,FALSE,HighContrast,Modern,Empire,Intact
420,Urban,FALSE,TRUE,0.8,Present,Local,FALSE,Warm,Modern,Democracy,Intact
421,FantasyWorld,TRUE,TRUE,0.9,Past,Global,FALSE,Natural,Modern,Democracy,Intact
422,Urban,TRUE,TRUE,0.95,Mixed,Interplanetary,TRUE,Vibrant,Futuristic,Democracy,Destroyed
423,Urban,FALSE,TRUE,0.85,Present,National,FALSE,Desaturated,Modern,Democracy,Intact
424,Urban,FALSE,TRUE,0.9,Past,National,FALSE,Cold,Modern,Empire,Intact
425,Rural,FALSE,TRUE,0.9,Present,National,TRUE,Natural,Modern,Democracy,Destroyed
426,Urban,FALSE,TRUE,0.8,Present,Local,FALSE,Warm,Modern,Democracy,Intact
427,Underwater,TRUE,FALSE,0.9,Present,Global,FALSE,Vibrant,Modern,Corporate,Intact
428,Historical,TRUE,TRUE,0.9,Past,Global,TRUE,Cold,Modern,Empire,Destroyed
429,Urban,FALSE,TRUE,0.8,Present,National,FALSE,Warm,Modern,Democracy,Intact
430,Historical,TRUE,TRUE,0.95,Past,Global,FALSE,Natural,Primitive,Empire,Intact
431,FantasyWorld,TRUE,FALSE,0.9,Past,Global,TRUE,Cold,Primitive,Empire,Intact
432,Urban,FALSE,TRUE,0.9,Present,National,FALSE,Cold,Modern,Democracy,Intact
433,Urban,TRUE,TRUE,0.95,Future,Global,FALSE,HighContrast,Futuristic,Corporate,Destroyed
434,Urban,TRUE,FALSE,0.85,Present,Global,FALSE,Vibrant,Modern,Democracy,Intact
435,Urban,FALSE,TRUE,0.8,Present,Local,FALSE,Warm,Modern,Democracy,Intact
436,Urban,FALSE,TRUE,0.9,Present,National,TRUE,Cold,Modern,Democracy,Intact
437,Urban,TRUE,TRUE,0.95,Future,Global,FALSE,HighContrast,Futuristic,Corporate,Intact
438,Urban,FALSE,TRUE,0.9,Present,National,FALSE,HighContrast,Modern,Democracy,Intact
439,Historical,TRUE,TRUE,0.9,Past,National,TRUE,Cold,Primitive,Empire,Intact
440,Urban,TRUE,TRUE,0.9,Present,National,FALSE,Vibrant,Modern,Democracy,Intact
441,Mixed,TRUE,TRUE,0.9,Present,Global,TRUE,Natural,Modern,Corporate,Intact
442,PostApocalyptic,TRUE,TRUE,0.95,Future,Global,FALSE,Desaturated,Futuristic,Dystopia,Destroyed
443,Urban,FALSE,TRUE,0.9,Present,Global,FALSE,HighContrast,Modern,Democracy,Intact
444,Urban,FALSE,TRUE,0.8,Present,Local,FALSE,Warm,Modern,Democracy,Intact
445,Rural,TRUE,FALSE,0.9,Past,National,FALSE,Natural,Primitive,Tribal,Intact
446,Urban,FALSE,TRUE,0.85,Present,Global,FALSE,Desaturated,Modern,Corporate,Intact
447,Urban,TRUE,TRUE,0.85,Present,National,FALSE,Vibrant,Modern,Democracy,Intact
448,PostApocalyptic,TRUE,FALSE,0.95,Future,Global,TRUE,Natural,Futuristic,Dystopia,Destroyed
449,Urban,FALSE,TRUE,0.85,Present,National,FALSE,Warm,Modern,Democracy,Intact
450,Urban,FALSE,TRUE,0.9,Present,Global,FALSE,Desaturated,Modern,Corporate,Intact
451,FantasyWorld,TRUE,FALSE,0.9,Past,National,FALSE,Vibrant,Primitive,Empire,Intact
452,Urban,FALSE,TRUE,0.9,Present,Global,FALSE,HighContrast,Modern,Corporate,Intact
453,Urban,FALSE,TRUE,0.85,Present,Local,FALSE,Warm,Modern,Democracy,Intact
454,Urban,TRUE,TRUE,0.95,Future,National,FALSE,HighContrast,Futuristic,Dystopia,Polluted
455,FantasyWorld,TRUE,FALSE,0.9,Past,National,FALSE,Warm,Primitive,Tribal,Intact
456,Rural,TRUE,TRUE,0.85,Present,National,FALSE,Natural,Modern,Democracy,Intact
457,Urban,FALSE,TRUE,0.9,Past,Global,FALSE,HighContrast,Modern,Democracy,Intact
458,Rural,TRUE,TRUE,0.9,Past,National,TRUE,Natural,Primitive,Tribal,Intact
459,Urban,TRUE,TRUE,0.9,Present,Local,FALSE,Desaturated,Modern,Democracy,Polluted
460,Urban,FALSE,TRUE,0.9,Present,Global,FALSE,Desaturated,Modern,Democracy,Intact
461,Urban,FALSE,TRUE,0.85,Present,Local,FALSE,Warm,Modern,Democracy,Intact
462,FantasyWorld,TRUE,FALSE,0.9,Past,Global,TRUE,Natural,Primitive,Tribal,Intact
463,Urban,FALSE,TRUE,0.85,Mixed,National,FALSE,Natural,Modern,Democracy,Intact
464,Urban,FALSE,TRUE,0.9,Past,Global,FALSE,Warm,Modern,Democracy,Intact
465,Urban,TRUE,TRUE,0.9,Past,Global,FALSE,HighContrast,Modern,Empire,Intact
466,Urban,TRUE,TRUE,0.9,Present,National,TRUE,Vibrant,Modern,Democracy,Intact
467,Urban,FALSE,TRUE,0.9,Present,National,FALSE,Desaturated,Modern,Democracy,Intact
468,Urban,TRUE,TRUE,0.85,Present,Global,FALSE,Vibrant,Modern,Democracy,Intact
469,Urban,FALSE,TRUE,0.9,Past,National,FALSE,Warm,Modern,Democracy,Intact
470,FantasyWorld,TRUE,TRUE,0.9,Past,National,FALSE,Vibrant,Modern,Monarchy,Intact
471,Historical,TRUE,TRUE,0.9,Past,Global,TRUE,Cold,Primitive,Empire,Destroyed
472,Urban,FALSE,TRUE,0.85,Present,Local,FALSE,Desaturated,Modern,Democracy,Intact
473,FantasyWorld,TRUE,FALSE,0.9,Present,Global,FALSE,Vibrant,Modern,Democracy,Intact
474,Urban,TRUE,TRUE,0.9,Present,Local,FALSE,Vibrant,Modern,Democracy,Intact
475,Urban,FALSE,TRUE,0.9,Present,National,FALSE,Natural,Modern,Democracy,Intact
476,Historical,FALSE,TRUE,0.9,Past,National,FALSE,Cold,Modern,Empire,Intact
477,Urban,TRUE,TRUE,0.9,Past,Local,FALSE,Vibrant,Modern,Corporate,Intact
478,FantasyWorld,TRUE,FALSE,0.9,Future,National,TRUE,Vibrant,Futuristic,Corporate,Polluted
479,Space,TRUE,TRUE,0.95,Future,Interplanetary,FALSE,HighContrast,Futuristic,Dystopia,Destroyed
480,Urban,FALSE,TRUE,0.9,Present,National,FALSE,Cold,Modern,Democracy,Intact
481,Urban,FALSE,TRUE,0.85,Present,National,FALSE,Warm,Modern,Democracy,Intact
482,Space,TRUE,TRUE,0.9,Future,Global,TRUE,Cold,Modern,Democracy,Destroyed
483,Maritime,TRUE,TRUE,0.85,Present,Global,FALSE,Vibrant,Modern,Democracy,Intact
484,Urban,TRUE,TRUE,0.9,Future,Global,FALSE,HighContrast,Futuristic,Corporate,Polluted
485,Urban,TRUE,TRUE,0.85,Present,Global,FALSE,Vibrant,Modern,Democracy,Intact
486,PostApocalyptic,TRUE,FALSE,0.95,Future,Global,TRUE,Cold,Futuristic,Dystopia,Destroyed
487,FantasyWorld,TRUE,FALSE,0.95,Past,National,TRUE,Cold,Primitive,Empire,Destroyed
488,FantasyWorld,TRUE,FALSE,0.9,Past,National,TRUE,Warm,Primitive,Tribal,Intact
489,Urban,FALSE,TRUE,0.9,Present,Global,FALSE,HighContrast,Modern,Democracy,Intact
490,Historical,TRUE,FALSE,0.9,Past,National,TRUE,Natural,Primitive,Tribal,Intact
491,Urban,TRUE,TRUE,0.9,Past,National,FALSE,Vibrant,Modern,Monarchy,Idealized
492,Urban,TRUE,TRUE,0.9,Present,Global,FALSE,HighContrast,Modern,Corporate,Intact
493,Rural,TRUE,FALSE,0.85,Present,National,FALSE,Natural,Modern,Democracy,Intact
494,FantasyWorld,TRUE,FALSE,0.9,Present,Global,FALSE,Vibrant,Modern,Democracy,Intact
495,Urban,TRUE,TRUE,0.9,Present,Global,FALSE,HighContrast,Modern,Corporate,Intact
496,Urban,TRUE,TRUE,0.9,Present,Global,FALSE,HighContrast,Modern,Corporate,Intact
497,FantasyWorld,TRUE,FALSE,0.9,Past,National,FALSE,Vibrant,Primitive,Empire,Intact
498,Space,TRUE,TRUE,0.9,Present,Interplanetary,TRUE,Natural,Modern,Democracy,Intact
499,FantasyWorld,TRUE,TRUE,0.9,Present,National,FALSE,Vibrant,Modern,Monarchy,Idealized
500,Urban,FALSE,TRUE,0.9,Present,Global,FALSE,HighContrast,Modern,Corporate,Intact
