film_id,political_content_present,political_alignment,social_issue_focus,lgbt_representation_present,minority_representation_strength,gender_equality_focus,war_or_conflict_related,environmental_theme_present,activism_message_strength,controversy_level,propaganda_tone
1,TRUE,anti_establishment,environment,FALSE,0.6,FALSE,TRUE,TRUE,0.8,0.3,FALSE
2,FALSE,neutral,war,TRUE,0.5,FALSE,TRUE,FALSE,0.2,0.2,FALSE
3,TRUE,anti_establishment,environment,FALSE,0.6,FALSE,TRUE,TRUE,0.7,0.2,FALSE
4,TRUE,neutral,class,FALSE,0.2,FALSE,FALSE,FALSE,0.3,0.1,FALSE
5,TRUE,anti_establishment,war,FALSE,0.5,TRUE,TRUE,FALSE,0.5,0.3,FALSE
6,FALSE,neutral,war,FALSE,0.5,FALSE,TRUE,FALSE,0.2,0.2,FALSE
7,FALSE,neutral,other,FALSE,0.2,FALSE,TRUE,FALSE,0.1,0.1,FALSE
8,FALSE,neutral,other,FALSE,0.5,FALSE,FALSE,FALSE,0.2,0.1,FALSE
9,FALSE,neutral,other,FALSE,0.4,FALSE,FALSE,FALSE,0.1,0.1,FALSE
10,TRUE,anti_establishment,environment,FALSE,0.3,FALSE,FALSE,TRUE,0.3,0.1,FALSE
11,TRUE,neutral,other,FALSE,0.3,FALSE,TRUE,FALSE,0.2,0.1,FALSE
12,TRUE,neutral,war,FALSE,0.3,FALSE,TRUE,FALSE,0.2,0.1,FALSE
13,FALSE,neutral,other,FALSE,0.6,FALSE,FALSE,FALSE,0.1,0.1,FALSE
14,TRUE,conservative,war,FALSE,0.4,FALSE,TRUE,FALSE,0.2,0.3,TRUE
15,TRUE,progressive,environment,FALSE,0.5,TRUE,FALSE,TRUE,0.6,0.2,FALSE
16,TRUE,progressive,gender,FALSE,0.5,TRUE,FALSE,FALSE,0.8,0.5,FALSE
17,TRUE,anti_establishment,other,FALSE,0.3,FALSE,TRUE,FALSE,0.4,0.3,FALSE
18,FALSE,neutral,other,FALSE,0.2,FALSE,FALSE,FALSE,0.1,0.1,FALSE
19,FALSE,neutral,other,TRUE,0.3,FALSE,TRUE,FALSE,0.2,0.3,FALSE
20,TRUE,progressive,race,FALSE,0.9,TRUE,TRUE,FALSE,0.7,0.3,FALSE
21,TRUE,progressive,war,FALSE,0.6,TRUE,TRUE,FALSE,0.5,0.6,FALSE
22,TRUE,anti_establishment,war,FALSE,0.2,FALSE,TRUE,FALSE,0.5,0.1,FALSE
23,TRUE,progressive,environment,FALSE,0.3,FALSE,FALSE,TRUE,0.4,0.2,FALSE
24,FALSE,neutral,other,FALSE,0.2,TRUE,FALSE,FALSE,0.2,0.1,FALSE
25,FALSE,neutral,other,TRUE,0.3,TRUE,FALSE,FALSE,0.2,0.2,FALSE
26,TRUE,neutral,other,FALSE,0.3,TRUE,FALSE,FALSE,0.4,0.1,FALSE
27,TRUE,anti_establishment,war,FALSE,0.3,FALSE,TRUE,FALSE,0.3,0.2,FALSE
28,FALSE,neutral,other,FALSE,0.6,FALSE,FALSE,FALSE,0.1,0.1,FALSE
29,FALSE,neutral,other,FALSE,0.1,FALSE,FALSE,FALSE,0.0,0.1,FALSE
30,TRUE,anti_establishment,war,FALSE,0.4,FALSE,TRUE,FALSE,0.5,0.3,FALSE
31,TRUE,neutral,environment,FALSE,0.4,FALSE,TRUE,TRUE,0.4,0.1,FALSE
32,FALSE,neutral,other,FALSE,0.5,FALSE,FALSE,FALSE,0.2,0.1,FALSE
33,TRUE,progressive,gender,FALSE,0.4,TRUE,TRUE,FALSE,0.6,0.5,FALSE
34,TRUE,neutral,war,FALSE,0.2,FALSE,TRUE,FALSE,0.4,0.1,FALSE
35,TRUE,conservative,war,FALSE,0.2,FALSE,TRUE,FALSE,0.2,0.2,FALSE
36,TRUE,neutral,other,FALSE,0.3,FALSE,FALSE,FALSE,0.3,0.2,FALSE
37,TRUE,conservative,war,FALSE,0.2,FALSE,TRUE,FALSE,0.2,0.2,FALSE
38,TRUE,conservative,class,FALSE,0.2,FALSE,TRUE,FALSE,0.5,0.4,FALSE
39,TRUE,anti_establishment,class,FALSE,0.3,FALSE,FALSE,FALSE,0.6,0.7,FALSE
40,FALSE,neutral,other,TRUE,0.2,FALSE,FALSE,FALSE,0.1,0.1,FALSE
41,TRUE,neutral,war,TRUE,0.5,TRUE,TRUE,FALSE,0.4,0.5,FALSE
42,FALSE,neutral,other,FALSE,0.2,FALSE,FALSE,FALSE,0.2,0.1,FALSE
43,FALSE,neutral,other,FALSE,0.2,FALSE,TRUE,FALSE,0.1,0.1,FALSE
44,TRUE,progressive,environment,FALSE,0.8,TRUE,FALSE,TRUE,0.6,0.2,FALSE
45,TRUE,anti_establishment,environment,FALSE,0.2,FALSE,FALSE,TRUE,0.4,0.1,FALSE
46,TRUE,anti_establishment,war,FALSE,0.7,TRUE,TRUE,FALSE,0.7,0.2,FALSE
47,TRUE,neutral,war,FALSE,0.3,FALSE,TRUE,FALSE,0.3,0.3,FALSE
48,FALSE,neutral,other,FALSE,0.2,FALSE,TRUE,FALSE,0.1,0.1,FALSE
49,FALSE,neutral,class,FALSE,0.6,TRUE,FALSE,FALSE,0.3,0.2,FALSE
50,FALSE,neutral,other,FALSE,0.8,FALSE,FALSE,FALSE,0.2,0.2,FALSE
51,FALSE,neutral,other,FALSE,0.2,FALSE,FALSE,FALSE,0.1,0.1,FALSE
52,TRUE,anti_establishment,other,FALSE,0.1,FALSE,FALSE,FALSE,0.3,0.1,FALSE
53,TRUE,progressive,environment,FALSE,0.3,FALSE,FALSE,TRUE,0.3,0.2,FALSE
54,TRUE,progressive,race,FALSE,0.7,TRUE,FALSE,FALSE,0.6,0.3,FALSE
55,TRUE,neutral,war,FALSE,0.1,FALSE,TRUE,FALSE,0.2,0.1,FALSE
56,TRUE,conservative,other,FALSE,0.2,FALSE,TRUE,FALSE,0.4,0.4,FALSE
57,TRUE,neutral,environment,FALSE,0.3,FALSE,FALSE,TRUE,0.3,0.1,FALSE
58,TRUE,neutral,other,FALSE,0.3,FALSE,TRUE,FALSE,0.2,0.2,FALSE
59,TRUE,anti_establishment,war,FALSE,0.1,FALSE,TRUE,FALSE,0.5,0.4,FALSE
60,FALSE,neutral,other,FALSE,0.2,FALSE,FALSE,FALSE,0.1,0.1,FALSE
61,FALSE,neutral,other,FALSE,0.2,FALSE,FALSE,FALSE,0.1,0.1,FALSE
62,FALSE,neutral,other,FALSE,0.2,FALSE,FALSE,FALSE,0.1,0.1,FALSE
63,FALSE,neutral,other,FALSE,0.4,FALSE,FALSE,FALSE,0.1,0.1,FALSE
64,TRUE,anti_establishment,war,FALSE,0.3,FALSE,TRUE,FALSE,0.4,0.2,FALSE
65,TRUE,neutral,war,FALSE,0.1,FALSE,TRUE,FALSE,0.2,0.1,FALSE
66,,,,,,,,,,,
67,TRUE,neutral,other,TRUE,0.5,FALSE,TRUE,FALSE,0.2,0.2,FALSE
68,TRUE,neutral,environment,FALSE,0.2,FALSE,FALSE,TRUE,0.3,0.2,FALSE
69,TRUE,anti_establishment,war,FALSE,0.2,FALSE,TRUE,FALSE,0.6,0.2,FALSE
70,TRUE,neutral,war,FALSE,0.1,FALSE,TRUE,FALSE,0.2,0.1,FALSE
71,FALSE,neutral,other,FALSE,0.2,FALSE,FALSE,FALSE,0.1,0.1,FALSE
72,TRUE,anti_establishment,war,FALSE,0.2,FALSE,TRUE,FALSE,0.7,0.2,FALSE
73,TRUE,progressive,environment,FALSE,0.2,FALSE,FALSE,TRUE,0.4,0.1,FALSE
74,TRUE,progressive,gender,FALSE,0.3,TRUE,FALSE,FALSE,0.5,0.2,FALSE
75,TRUE,anti_establishment,war,FALSE,0.2,FALSE,TRUE,FALSE,0.5,0.2,FALSE
76,TRUE,neutral,war,FALSE,0.2,FALSE,TRUE,FALSE,0.5,0.1,FALSE
77,TRUE,anti_establishment,war,FALSE,0.2,FALSE,TRUE,FALSE,0.6,0.2,FALSE
78,FALSE,neutral,other,FALSE,0.3,FALSE,FALSE,FALSE,0.1,0.1,FALSE
79,TRUE,neutral,war,FALSE,0.2,FALSE,TRUE,FALSE,0.5,0.1,FALSE
80,FALSE,neutral,other,FALSE,0.1,FALSE,FALSE,FALSE,0.1,0.1,FALSE
81,FALSE,neutral,other,FALSE,0.2,FALSE,FALSE,FALSE,0.1,0.1,FALSE
82,TRUE,neutral,war,FALSE,0.2,FALSE,TRUE,FALSE,0.4,0.2,FALSE
83,TRUE,neutral,environment,FALSE,0.1,FALSE,FALSE,TRUE,0.3,0.1,FALSE
84,TRUE,progressive,lgbt,TRUE,0.6,FALSE,FALSE,FALSE,0.5,0.5,FALSE
85,TRUE,conservative,war,FALSE,0.2,FALSE,TRUE,FALSE,0.3,0.2,FALSE
86,FALSE,neutral,other,FALSE,0.5,FALSE,FALSE,FALSE,0.1,0.1,FALSE
87,FALSE,neutral,other,FALSE,0.2,FALSE,FALSE,FALSE,0.1,0.1,FALSE
88,TRUE,neutral,other,FALSE,0.3,FALSE,TRUE,FALSE,0.4,0.6,FALSE
89,FALSE,neutral,other,FALSE,0.4,FALSE,FALSE,FALSE,0.2,0.1,FALSE
90,,,,,,,,,,,
91,TRUE,anti_establishment,class,FALSE,0.5,TRUE,TRUE,FALSE,0.9,0.3,FALSE
92,TRUE,progressive,race,TRUE,0.9,TRUE,TRUE,FALSE,0.6,0.3,FALSE
93,FALSE,neutral,other,FALSE,0.2,FALSE,FALSE,FALSE,0.2,0.2,FALSE
94,TRUE,anti_establishment,other,FALSE,0.4,TRUE,TRUE,FALSE,0.5,0.2,FALSE
95,FALSE,neutral,other,FALSE,0.2,FALSE,FALSE,FALSE,0.2,0.1,FALSE
96,TRUE,progressive,environment,TRUE,0.5,FALSE,TRUE,TRUE,0.6,0.3,FALSE
97,FALSE,neutral,other,FALSE,0.1,FALSE,FALSE,FALSE,0.1,0.1,FALSE
98,TRUE,conservative,war,FALSE,0.1,FALSE,TRUE,FALSE,0.2,0.4,FALSE
99,FALSE,neutral,other,FALSE,0.3,FALSE,FALSE,FALSE,0.1,0.2,FALSE
100,TRUE,neutral,other,FALSE,0.2,FALSE,FALSE,FALSE,0.2,0.2,FALSE
101,FALSE,neutral,other,FALSE,0.3,FALSE,FALSE,FALSE,0.2,0.1,FALSE
102,TRUE,progressive,gender,FALSE,0.3,TRUE,TRUE,FALSE,0.4,0.2,FALSE
103,TRUE,conservative,war,FALSE,0.2,FALSE,TRUE,FALSE,0.3,0.2,FALSE
104,TRUE,neutral,other,FALSE,0.3,FALSE,FALSE,FALSE,0.2,0.2,FALSE
105,TRUE,authoritarian,war,FALSE,0.1,FALSE,TRUE,FALSE,0.2,0.6,TRUE
106,TRUE,authoritarian,war,FALSE,0.1,FALSE,TRUE,FALSE,0.3,0.7,TRUE
107,FALSE,neutral,other,FALSE,0.2,FALSE,FALSE,FALSE,0.1,0.1,FALSE
108,TRUE,anti_establishment,other,FALSE,0.2,FALSE,FALSE,FALSE,0.3,0.1,FALSE
109,FALSE,neutral,other,FALSE,0.3,FALSE,FALSE,FALSE,0.2,0.1,FALSE
110,TRUE,progressive,race,FALSE,0.9,FALSE,FALSE,FALSE,0.3,0.1,FALSE
111,FALSE,neutral,other,FALSE,0.3,FALSE,FALSE,FALSE,0.1,0.1,FALSE
112,FALSE,neutral,other,FALSE,0.4,FALSE,FALSE,FALSE,0.1,0.1,FALSE
113,FALSE,neutral,other,FALSE,0.5,FALSE,FALSE,FALSE,0.1,0.1,FALSE
114,TRUE,neutral,war,FALSE,0.2,FALSE,TRUE,FALSE,0.2,0.3,FALSE
115,TRUE,neutral,war,FALSE,0.3,FALSE,TRUE,FALSE,0.2,0.2,FALSE
116,TRUE,neutral,other,TRUE,0.5,FALSE,FALSE,FALSE,0.2,0.3,FALSE
117,FALSE,neutral,other,FALSE,0.2,FALSE,FALSE,FALSE,0.1,0.1,FALSE
118,FALSE,neutral,other,FALSE,0.3,FALSE,FALSE,FALSE,0.2,0.3,FALSE
119,TRUE,anti_establishment,war,FALSE,0.3,FALSE,TRUE,FALSE,0.7,0.2,FALSE
120,TRUE,anti_establishment,class,FALSE,0.4,FALSE,FALSE,FALSE,0.5,0.2,FALSE
121,TRUE,neutral,other,FALSE,0.4,FALSE,TRUE,FALSE,0.3,0.1,FALSE
122,TRUE,anti_establishment,other,FALSE,0.2,FALSE,FALSE,FALSE,0.2,0.7,FALSE
123,TRUE,anti_establishment,class,FALSE,0.5,TRUE,TRUE,FALSE,0.9,0.3,FALSE
124,TRUE,progressive,lgbt,TRUE,0.4,TRUE,TRUE,FALSE,0.4,0.4,FALSE
125,FALSE,neutral,other,FALSE,0.4,FALSE,FALSE,FALSE,0.1,0.1,FALSE
126,TRUE,conservative,war,FALSE,0.3,FALSE,TRUE,FALSE,0.3,0.2,FALSE
127,FALSE,neutral,other,FALSE,0.3,FALSE,FALSE,FALSE,0.2,0.1,FALSE
128,TRUE,progressive,gender,FALSE,0.3,TRUE,FALSE,FALSE,0.5,0.2,FALSE
129,TRUE,neutral,environment,FALSE,0.3,FALSE,FALSE,TRUE,0.2,0.2,FALSE
130,FALSE,neutral,other,FALSE,0.2,FALSE,FALSE,FALSE,0.1,0.1,FALSE
131,TRUE,progressive,other,FALSE,0.4,TRUE,FALSE,FALSE,0.5,0.2,FALSE
132,TRUE,neutral,other,FALSE,0.4,FALSE,TRUE,FALSE,0.2,0.4,FALSE
133,TRUE,progressive,race,FALSE,0.6,FALSE,TRUE,FALSE,0.5,0.2,FALSE
134,FALSE,neutral,other,FALSE,0.4,FALSE,FALSE,FALSE,0.1,0.1,FALSE
135,FALSE,neutral,other,FALSE,0.3,FALSE,FALSE,FALSE,0.1,0.1,FALSE
136,FALSE,neutral,other,FALSE,0.2,FALSE,FALSE,FALSE,0.2,0.1,FALSE
137,TRUE,anti_establishment,other,FALSE,0.3,FALSE,FALSE,FALSE,0.6,0.3,FALSE
138,TRUE,neutral,other,FALSE,0.3,FALSE,FALSE,TRUE,0.3,0.1,FALSE
139,TRUE,neutral,other,FALSE,0.3,FALSE,TRUE,FALSE,0.2,0.2,FALSE
140,TRUE,conservative,other,FALSE,0.2,FALSE,TRUE,FALSE,0.3,0.4,FALSE
141,FALSE,neutral,other,FALSE,0.6,FALSE,FALSE,FALSE,0.1,0.1,FALSE
142,TRUE,anti_establishment,war,FALSE,0.4,FALSE,TRUE,TRUE,0.8,0.4,FALSE
143,TRUE,anti_establishment,other,FALSE,0.4,FALSE,TRUE,FALSE,0.6,0.4,FALSE
144,FALSE,neutral,other,FALSE,0.6,FALSE,FALSE,FALSE,0.1,0.1,FALSE
145,TRUE,neutral,war,FALSE,0.3,FALSE,TRUE,TRUE,0.5,0.2,FALSE
146,FALSE,neutral,other,FALSE,0.3,FALSE,FALSE,FALSE,0.2,0.1,FALSE
147,TRUE,conservative,war,FALSE,0.2,FALSE,TRUE,FALSE,0.2,0.3,FALSE
148,FALSE,neutral,other,FALSE,0.2,FALSE,FALSE,FALSE,0.1,0.2,FALSE
149,TRUE,neutral,other,FALSE,0.2,FALSE,FALSE,FALSE,0.2,0.3,FALSE
150,TRUE,neutral,war,FALSE,0.3,FALSE,TRUE,FALSE,0.2,0.2,FALSE
151,TRUE,progressive,other,FALSE,0.8,TRUE,FALSE,FALSE,0.5,0.2,FALSE
152,TRUE,anti_establishment,other,FALSE,0.3,TRUE,TRUE,FALSE,0.3,0.1,FALSE
153,FALSE,neutral,other,FALSE,0.2,FALSE,FALSE,FALSE,0.1,0.2,FALSE
154,FALSE,neutral,other,FALSE,0.2,FALSE,FALSE,FALSE,0.1,0.1,FALSE
155,TRUE,progressive,environment,FALSE,0.8,TRUE,FALSE,TRUE,0.5,0.2,FALSE
156,FALSE,neutral,other,FALSE,0.2,FALSE,FALSE,FALSE,0.1,0.3,FALSE
157,TRUE,neutral,other,FALSE,0.4,FALSE,TRUE,FALSE,0.4,0.3,FALSE
158,TRUE,anti_establishment,class,FALSE,0.4,TRUE,TRUE,FALSE,0.9,0.3,FALSE
159,FALSE,neutral,other,FALSE,0.2,FALSE,FALSE,FALSE,0.1,0.4,FALSE
160,FALSE,neutral,other,FALSE,0.1,FALSE,FALSE,FALSE,0.1,0.1,FALSE
161,TRUE,conservative,war,FALSE,0.3,FALSE,TRUE,FALSE,0.3,0.3,FALSE
162,TRUE,neutral,war,FALSE,0.3,FALSE,TRUE,FALSE,0.4,0.1,FALSE
163,TRUE,neutral,other,FALSE,0.4,FALSE,TRUE,FALSE,0.2,0.3,FALSE
164,TRUE,anti_establishment,war,FALSE,0.3,FALSE,TRUE,FALSE,0.6,0.3,FALSE
165,TRUE,authoritarian,other,TRUE,0.3,FALSE,TRUE,FALSE,0.4,0.5,FALSE
166,TRUE,anti_establishment,other,FALSE,0.3,FALSE,FALSE,FALSE,0.3,0.1,FALSE
167,FALSE,neutral,other,FALSE,0.4,FALSE,FALSE,FALSE,0.1,0.1,FALSE
168,TRUE,neutral,other,FALSE,0.4,TRUE,FALSE,FALSE,0.3,0.1,FALSE
169,TRUE,progressive,environment,FALSE,0.2,FALSE,FALSE,TRUE,0.4,0.1,FALSE
170,TRUE,progressive,other,FALSE,0.7,TRUE,FALSE,FALSE,0.3,0.1,FALSE
171,TRUE,anti_establishment,class,FALSE,0.5,TRUE,TRUE,FALSE,0.9,0.3,FALSE
172,TRUE,neutral,war,FALSE,0.3,FALSE,TRUE,FALSE,0.2,0.1,FALSE
173,TRUE,neutral,environment,FALSE,0.2,TRUE,FALSE,TRUE,0.5,0.2,FALSE
174,,,,,,,,,,,
175,,,,,,,,,,,
176,TRUE,progressive,class,FALSE,0.4,FALSE,FALSE,FALSE,0.3,0.1,FALSE
177,TRUE,neutral,other,FALSE,0.3,FALSE,TRUE,FALSE,0.3,0.1,FALSE
178,TRUE,conservative,other,FALSE,0.2,FALSE,FALSE,FALSE,0.3,0.2,FALSE
179,FALSE,neutral,other,FALSE,0.4,FALSE,FALSE,FALSE,0.1,0.1,FALSE
180,FALSE,anti_establishment,other,FALSE,0.6,FALSE,FALSE,FALSE,0.2,0.1,FALSE
181,,,,,,,,,,,
182,TRUE,neutral,class,FALSE,0.3,FALSE,FALSE,FALSE,0.3,0.1,FALSE
183,TRUE,neutral,race,FALSE,0.5,FALSE,FALSE,FALSE,0.3,0.2,FALSE
184,FALSE,neutral,other,FALSE,0.4,TRUE,FALSE,FALSE,0.3,0.1,FALSE
185,TRUE,conservative,other,FALSE,0.1,FALSE,FALSE,FALSE,0.5,0.9,TRUE
186,TRUE,conservative,war,FALSE,0.3,FALSE,TRUE,FALSE,0.3,0.2,FALSE
187,FALSE,neutral,other,FALSE,0.3,FALSE,FALSE,TRUE,0.2,0.2,FALSE
188,TRUE,anti_establishment,environment,FALSE,0.3,FALSE,FALSE,TRUE,0.4,0.1,FALSE
189,,,,,,,,,,,
190,TRUE,progressive,other,FALSE,0.3,TRUE,TRUE,FALSE,0.5,0.1,FALSE
191,TRUE,anti_establishment,class,FALSE,0.5,FALSE,TRUE,FALSE,0.7,0.3,FALSE
192,TRUE,authoritarian,environment,FALSE,0.1,FALSE,FALSE,TRUE,0.5,0.5,TRUE
193,TRUE,neutral,war,FALSE,0.2,FALSE,TRUE,FALSE,0.3,0.2,FALSE
194,TRUE,conservative,war,FALSE,0.2,FALSE,TRUE,FALSE,0.2,0.2,FALSE
195,TRUE,neutral,environment,FALSE,0.4,FALSE,FALSE,TRUE,0.2,0.1,FALSE
196,TRUE,conservative,war,FALSE,0.3,FALSE,TRUE,FALSE,0.3,0.2,FALSE
197,TRUE,neutral,environment,FALSE,0.3,FALSE,TRUE,TRUE,0.4,0.2,FALSE
198,,,,,,,,,,,
199,FALSE,neutral,other,FALSE,0.3,FALSE,FALSE,FALSE,0.1,0.1,FALSE
200,FALSE,neutral,other,FALSE,0.2,FALSE,FALSE,FALSE,0.1,0.4,FALSE
201,TRUE,neutral,environment,FALSE,0.3,FALSE,FALSE,TRUE,0.3,0.2,FALSE
202,TRUE,anti_establishment,war,FALSE,0.2,FALSE,TRUE,FALSE,0.4,0.2,FALSE
203,TRUE,anti_establishment,other,FALSE,0.3,FALSE,FALSE,FALSE,0.3,0.1,FALSE
204,FALSE,neutral,other,FALSE,0.2,TRUE,FALSE,FALSE,0.2,0.1,FALSE
205,TRUE,authoritarian,war,FALSE,0.1,FALSE,TRUE,FALSE,0.3,0.3,TRUE
206,FALSE,neutral,other,FALSE,0.2,FALSE,FALSE,FALSE,0.1,0.1,FALSE
207,FALSE,neutral,other,FALSE,0.3,FALSE,FALSE,FALSE,0.1,0.1,FALSE
208,TRUE,neutral,environment,FALSE,0.2,FALSE,FALSE,TRUE,0.3,0.1,FALSE
209,TRUE,neutral,environment,FALSE,0.3,FALSE,TRUE,TRUE,0.2,0.1,FALSE
210,TRUE,anti_establishment,war,FALSE,0.3,FALSE,TRUE,FALSE,0.4,0.3,FALSE
211,FALSE,neutral,gender,FALSE,0.2,FALSE,FALSE,FALSE,0.1,0.6,FALSE
212,FALSE,neutral,other,FALSE,0.2,FALSE,FALSE,FALSE,0.1,0.1,FALSE
213,TRUE,progressive,race,FALSE,0.8,TRUE,FALSE,FALSE,0.3,0.6,FALSE
214,TRUE,anti_establishment,other,FALSE,0.3,FALSE,TRUE,FALSE,0.3,0.2,FALSE
215,FALSE,neutral,other,FALSE,0.2,FALSE,FALSE,FALSE,0.1,0.1,FALSE
216,TRUE,neutral,environment,FALSE,0.2,FALSE,FALSE,TRUE,0.3,0.1,FALSE
217,TRUE,neutral,environment,FALSE,0.2,FALSE,FALSE,TRUE,0.4,0.2,FALSE
218,TRUE,anti_establishment,class,FALSE,0.3,FALSE,FALSE,FALSE,0.4,0.2,FALSE
219,TRUE,neutral,environment,FALSE,0.3,FALSE,FALSE,TRUE,0.2,0.1,FALSE
220,FALSE,neutral,other,FALSE,0.2,FALSE,FALSE,FALSE,0.1,0.3,FALSE
221,TRUE,progressive,environment,FALSE,0.2,FALSE,FALSE,TRUE,0.6,0.3,FALSE
222,FALSE,neutral,other,FALSE,0.2,FALSE,FALSE,FALSE,0.1,0.1,FALSE
223,TRUE,progressive,gender,FALSE,0.2,TRUE,FALSE,FALSE,0.5,0.2,FALSE
224,TRUE,conservative,other,FALSE,0.2,FALSE,FALSE,FALSE,0.2,0.2,FALSE
225,TRUE,neutral,war,FALSE,0.2,FALSE,TRUE,FALSE,0.2,0.2,FALSE
226,TRUE,anti_establishment,war,FALSE,0.3,FALSE,TRUE,FALSE,0.6,0.1,FALSE
227,FALSE,neutral,other,FALSE,0.4,FALSE,FALSE,FALSE,0.1,0.1,FALSE
228,TRUE,conservative,war,FALSE,0.2,FALSE,TRUE,FALSE,0.4,0.7,FALSE
229,FALSE,neutral,other,FALSE,0.2,FALSE,FALSE,FALSE,0.1,0.1,FALSE
230,FALSE,neutral,other,FALSE,0.2,FALSE,FALSE,FALSE,0.1,0.1,FALSE
231,TRUE,progressive,race,FALSE,0.5,FALSE,TRUE,FALSE,0.5,0.2,FALSE
232,FALSE,neutral,other,FALSE,0.2,FALSE,FALSE,FALSE,0.1,0.1,FALSE
233,TRUE,neutral,war,FALSE,0.2,FALSE,TRUE,FALSE,0.2,0.2,FALSE
234,TRUE,progressive,environment,FALSE,0.5,FALSE,FALSE,TRUE,0.4,0.3,FALSE
235,TRUE,progressive,environment,FALSE,0.3,FALSE,FALSE,TRUE,0.7,0.2,FALSE
236,TRUE,neutral,war,FALSE,0.2,FALSE,TRUE,FALSE,0.3,0.2,FALSE
237,FALSE,neutral,other,FALSE,0.3,FALSE,FALSE,FALSE,0.1,0.1,FALSE
238,FALSE,neutral,other,FALSE,0.3,FALSE,FALSE,FALSE,0.1,0.1,FALSE
239,TRUE,neutral,environment,FALSE,0.3,FALSE,TRUE,TRUE,0.3,0.2,FALSE
240,TRUE,neutral,war,FALSE,0.2,FALSE,TRUE,FALSE,0.3,0.2,FALSE
241,FALSE,neutral,other,FALSE,0.3,FALSE,FALSE,FALSE,0.1,0.1,FALSE
242,FALSE,neutral,other,FALSE,0.3,FALSE,FALSE,FALSE,0.1,0.1,FALSE
243,TRUE,anti_establishment,environment,FALSE,0.4,FALSE,TRUE,TRUE,0.6,0.3,FALSE
244,TRUE,progressive,environment,FALSE,0.4,FALSE,FALSE,TRUE,0.7,0.2,FALSE
245,,,,,,,,,,,
246,TRUE,progressive,environment,FALSE,0.3,FALSE,TRUE,TRUE,0.5,0.1,FALSE
247,FALSE,neutral,other,FALSE,0.4,FALSE,FALSE,FALSE,0.1,0.1,FALSE
248,TRUE,anti_establishment,other,FALSE,0.3,FALSE,FALSE,FALSE,0.3,0.1,FALSE
249,FALSE,neutral,other,FALSE,0.2,FALSE,FALSE,FALSE,0.1,0.1,FALSE
250,TRUE,authoritarian,environment,FALSE,0.1,FALSE,FALSE,TRUE,0.5,0.5,TRUE
251,FALSE,neutral,other,FALSE,0.2,FALSE,FALSE,FALSE,0.1,0.1,FALSE
252,TRUE,authoritarian,war,FALSE,0.1,FALSE,TRUE,FALSE,0.3,0.6,TRUE
253,TRUE,neutral,other,FALSE,0.2,FALSE,TRUE,FALSE,0.4,0.1,FALSE
254,FALSE,neutral,other,FALSE,0.2,FALSE,FALSE,FALSE,0.1,0.1,FALSE
255,FALSE,neutral,other,FALSE,0.1,FALSE,FALSE,FALSE,0.1,0.1,FALSE
256,FALSE,neutral,other,FALSE,0.2,FALSE,FALSE,FALSE,0.1,0.1,FALSE
257,TRUE,neutral,other,FALSE,0.4,FALSE,FALSE,FALSE,0.3,0.2,FALSE
258,FALSE,neutral,other,FALSE,0.3,FALSE,FALSE,FALSE,0.1,0.1,FALSE
259,TRUE,neutral,race,FALSE,0.3,FALSE,FALSE,FALSE,0.2,0.3,FALSE
260,FALSE,neutral,other,FALSE,0.3,FALSE,FALSE,FALSE,0.1,0.2,FALSE
261,TRUE,neutral,environment,FALSE,0.2,FALSE,FALSE,TRUE,0.3,0.1,FALSE
262,FALSE,neutral,other,FALSE,0.2,FALSE,FALSE,FALSE,0.1,0.1,FALSE
263,TRUE,neutral,other,FALSE,0.2,FALSE,FALSE,FALSE,0.3,0.2,FALSE
264,FALSE,neutral,other,FALSE,0.4,FALSE,FALSE,FALSE,0.2,0.1,FALSE
265,TRUE,progressive,environment,FALSE,0.2,FALSE,TRUE,TRUE,0.5,0.1,FALSE
266,FALSE,neutral,other,FALSE,0.2,FALSE,TRUE,FALSE,0.1,0.1,FALSE
267,TRUE,authoritarian,war,FALSE,0.1,FALSE,TRUE,FALSE,0.3,0.5,TRUE
268,TRUE,progressive,environment,FALSE,0.6,FALSE,FALSE,TRUE,0.6,0.2,FALSE
269,TRUE,anti_establishment,other,FALSE,0.2,FALSE,FALSE,FALSE,0.3,0.1,FALSE
270,TRUE,neutral,other,FALSE,0.2,FALSE,FALSE,FALSE,0.3,0.5,FALSE
271,FALSE,neutral,other,FALSE,0.3,FALSE,FALSE,FALSE,0.2,0.1,FALSE
272,,,,,,,,,,,
273,TRUE,anti_establishment,war,FALSE,0.3,FALSE,TRUE,TRUE,0.6,0.2,FALSE
274,TRUE,progressive,race,FALSE,0.5,TRUE,TRUE,TRUE,0.4,0.2,FALSE
275,TRUE,progressive,environment,FALSE,0.5,FALSE,FALSE,TRUE,0.5,0.2,FALSE
276,FALSE,neutral,other,FALSE,0.3,FALSE,FALSE,FALSE,0.1,0.1,FALSE
277,TRUE,conservative,war,FALSE,0.2,FALSE,TRUE,FALSE,0.3,0.3,FALSE
278,FALSE,neutral,other,FALSE,0.3,FALSE,FALSE,FALSE,0.1,0.1,FALSE
279,TRUE,progressive,race,TRUE,0.8,FALSE,FALSE,FALSE,0.6,0.3,FALSE
280,TRUE,progressive,class,FALSE,0.8,FALSE,FALSE,FALSE,0.4,0.3,FALSE
281,FALSE,neutral,other,FALSE,0.3,FALSE,FALSE,FALSE,0.2,0.3,FALSE
282,FALSE,neutral,other,FALSE,0.3,FALSE,FALSE,FALSE,0.2,0.1,FALSE
283,TRUE,neutral,war,FALSE,0.2,FALSE,TRUE,FALSE,0.2,0.2,FALSE
284,TRUE,anti_establishment,war,FALSE,0.3,FALSE,TRUE,FALSE,0.6,0.1,FALSE
285,FALSE,neutral,other,FALSE,0.2,FALSE,FALSE,FALSE,0.1,0.1,FALSE
286,TRUE,neutral,other,FALSE,0.5,FALSE,FALSE,FALSE,0.3,0.2,FALSE
287,TRUE,neutral,class,FALSE,0.3,FALSE,FALSE,FALSE,0.3,0.1,FALSE
288,TRUE,progressive,race,FALSE,0.3,TRUE,FALSE,FALSE,0.3,0.1,FALSE
289,TRUE,neutral,environment,FALSE,0.2,FALSE,FALSE,TRUE,0.2,0.1,FALSE
290,,,,,,,,,,,
291,TRUE,anti_establishment,war,FALSE,0.2,FALSE,TRUE,FALSE,0.3,0.1,FALSE
292,,,,,,,,,,,
293,FALSE,neutral,other,TRUE,0.4,FALSE,FALSE,FALSE,0.2,0.2,FALSE
294,TRUE,progressive,environment,FALSE,0.3,FALSE,TRUE,TRUE,0.6,0.2,FALSE
295,TRUE,neutral,war,FALSE,0.3,FALSE,TRUE,TRUE,0.2,0.1,FALSE
296,TRUE,anti_establishment,other,FALSE,0.4,FALSE,FALSE,FALSE,0.6,0.2,FALSE
297,TRUE,anti_establishment,war,FALSE,0.4,FALSE,TRUE,FALSE,0.4,0.3,FALSE
298,TRUE,anti_establishment,other,TRUE,0.4,FALSE,FALSE,FALSE,0.8,0.3,FALSE
299,FALSE,neutral,other,FALSE,0.3,FALSE,FALSE,FALSE,0.1,0.3,FALSE
300,FALSE,neutral,other,FALSE,0.3,FALSE,TRUE,FALSE,0.2,0.1,FALSE
301,FALSE,neutral,other,FALSE,0.2,FALSE,FALSE,FALSE,0.1,0.1,FALSE
302,TRUE,neutral,war,FALSE,0.3,FALSE,TRUE,FALSE,0.3,0.3,FALSE
303,TRUE,neutral,environment,FALSE,0.2,FALSE,FALSE,TRUE,0.2,0.1,FALSE
304,TRUE,progressive,lgbt,FALSE,0.6,TRUE,TRUE,FALSE,0.6,0.4,FALSE
305,TRUE,neutral,war,FALSE,0.2,FALSE,TRUE,FALSE,0.2,0.1,FALSE
306,TRUE,neutral,other,FALSE,0.3,FALSE,FALSE,FALSE,0.2,0.2,FALSE
307,TRUE,anti_establishment,other,FALSE,0.3,FALSE,FALSE,FALSE,0.3,0.2,FALSE
308,TRUE,conservative,other,FALSE,0.3,FALSE,TRUE,FALSE,0.4,0.4,FALSE
309,,,,,,,,,,,
310,TRUE,conservative,war,FALSE,0.2,FALSE,TRUE,FALSE,0.5,0.4,FALSE
311,FALSE,neutral,other,FALSE,0.3,FALSE,FALSE,FALSE,0.1,0.1,FALSE
312,TRUE,anti_establishment,class,FALSE,0.3,FALSE,TRUE,FALSE,0.4,0.2,FALSE
313,TRUE,anti_establishment,class,FALSE,0.5,FALSE,FALSE,FALSE,0.8,0.5,FALSE
314,FALSE,neutral,other,FALSE,0.3,FALSE,FALSE,FALSE,0.1,0.1,FALSE
315,TRUE,anti_establishment,race,FALSE,0.5,TRUE,TRUE,FALSE,0.7,0.6,FALSE
316,TRUE,neutral,war,FALSE,0.2,FALSE,TRUE,FALSE,0.2,0.1,FALSE
317,TRUE,conservative,war,FALSE,0.2,FALSE,TRUE,FALSE,0.3,0.3,FALSE
318,TRUE,neutral,environment,FALSE,0.3,FALSE,FALSE,TRUE,0.4,0.3,FALSE
319,FALSE,neutral,other,FALSE,0.4,FALSE,FALSE,FALSE,0.2,0.2,FALSE
320,FALSE,neutral,other,FALSE,0.2,FALSE,FALSE,FALSE,0.1,0.1,FALSE
321,TRUE,authoritarian,other,FALSE,0.2,FALSE,TRUE,FALSE,0.4,0.4,TRUE
322,TRUE,neutral,gender,FALSE,0.2,FALSE,FALSE,FALSE,0.2,0.3,FALSE
323,TRUE,anti_establishment,other,FALSE,0.3,FALSE,TRUE,FALSE,0.5,0.2,FALSE
324,FALSE,neutral,other,FALSE,0.2,FALSE,FALSE,FALSE,0.1,0.1,FALSE
325,FALSE,neutral,other,FALSE,0.3,FALSE,FALSE,FALSE,0.1,0.1,FALSE
326,TRUE,progressive,gender,FALSE,0.2,TRUE,FALSE,FALSE,0.3,0.3,FALSE
327,TRUE,neutral,environment,FALSE,0.4,FALSE,TRUE,TRUE,0.4,0.2,FALSE
328,TRUE,neutral,war,FALSE,0.6,FALSE,TRUE,FALSE,0.3,0.2,FALSE
329,TRUE,neutral,war,FALSE,0.3,FALSE,TRUE,FALSE,0.2,0.1,FALSE
330,FALSE,neutral,other,FALSE,0.2,FALSE,FALSE,FALSE,0.1,0.1,FALSE
331,TRUE,authoritarian,war,FALSE,0.1,FALSE,TRUE,FALSE,0.4,0.5,TRUE
332,FALSE,neutral,other,FALSE,0.3,FALSE,FALSE,FALSE,0.2,0.2,FALSE
333,TRUE,anti_establishment,class,FALSE,0.5,TRUE,TRUE,FALSE,0.9,0.3,FALSE
334,TRUE,neutral,other,FALSE,0.2,FALSE,TRUE,FALSE,0.2,0.2,FALSE
335,FALSE,neutral,other,FALSE,0.3,FALSE,FALSE,FALSE,0.1,0.1,FALSE
336,TRUE,neutral,war,FALSE,0.2,FALSE,TRUE,FALSE,0.3,0.2,FALSE
337,TRUE,neutral,class,FALSE,0.3,FALSE,FALSE,FALSE,0.3,0.2,FALSE
338,TRUE,progressive,race,TRUE,0.9,TRUE,TRUE,FALSE,0.6,0.3,FALSE
339,TRUE,neutral,war,FALSE,0.2,FALSE,TRUE,FALSE,0.2,0.2,FALSE
340,TRUE,conservative,war,FALSE,0.2,FALSE,TRUE,FALSE,0.3,0.2,FALSE
341,TRUE,conservative,class,FALSE,0.2,FALSE,FALSE,FALSE,0.2,0.2,FALSE
342,TRUE,progressive,gender,FALSE,0.5,TRUE,FALSE,FALSE,0.4,0.2,FALSE
343,TRUE,anti_establishment,war,FALSE,0.4,FALSE,TRUE,TRUE,0.8,0.4,FALSE
344,TRUE,conservative,other,FALSE,0.1,FALSE,FALSE,FALSE,0.5,0.6,FALSE
345,TRUE,progressive,class,FALSE,0.6,TRUE,FALSE,FALSE,0.4,0.2,FALSE
346,FALSE,neutral,other,FALSE,0.3,FALSE,FALSE,FALSE,0.1,0.1,FALSE
347,TRUE,anti_establishment,other,FALSE,0.4,FALSE,TRUE,FALSE,0.6,0.3,FALSE
348,FALSE,neutral,other,FALSE,0.1,FALSE,FALSE,FALSE,0.1,0.1,FALSE
349,,,,,,,,,,,
350,FALSE,neutral,other,FALSE,0.7,FALSE,FALSE,FALSE,0.2,0.2,FALSE
351,TRUE,progressive,race,FALSE,0.8,FALSE,TRUE,TRUE,0.6,0.3,FALSE
352,FALSE,neutral,other,FALSE,0.2,FALSE,FALSE,FALSE,0.1,0.1,FALSE
353,FALSE,neutral,other,FALSE,0.2,FALSE,TRUE,FALSE,0.2,0.2,FALSE
354,TRUE,conservative,other,FALSE,0.2,FALSE,TRUE,FALSE,0.2,0.2,FALSE
355,TRUE,conservative,other,FALSE,0.2,FALSE,TRUE,FALSE,0.3,0.3,FALSE
356,TRUE,neutral,other,FALSE,0.6,FALSE,TRUE,FALSE,0.3,0.2,FALSE
357,TRUE,anti_establishment,other,FALSE,0.3,FALSE,TRUE,FALSE,0.5,0.2,FALSE
358,TRUE,progressive,gender,TRUE,0.3,TRUE,FALSE,FALSE,0.3,0.3,FALSE
359,,,,,,,,,,,
360,FALSE,neutral,other,FALSE,0.2,FALSE,TRUE,FALSE,0.2,0.2,FALSE
361,TRUE,neutral,other,FALSE,0.1,FALSE,FALSE,FALSE,0.2,0.2,FALSE
362,TRUE,neutral,war,FALSE,0.5,FALSE,TRUE,FALSE,0.3,0.2,FALSE
363,FALSE,neutral,other,FALSE,0.6,FALSE,FALSE,FALSE,0.2,0.2,FALSE
364,FALSE,neutral,other,FALSE,0.3,FALSE,TRUE,FALSE,0.2,0.2,FALSE
365,TRUE,anti_establishment,other,FALSE,0.4,FALSE,TRUE,FALSE,0.3,0.2,FALSE
366,FALSE,neutral,other,FALSE,0.1,FALSE,FALSE,FALSE,0.1,0.1,FALSE
367,TRUE,anti_establishment,lgbt,TRUE,0.5,FALSE,TRUE,FALSE,0.4,0.4,FALSE
368,FALSE,neutral,other,FALSE,0.3,FALSE,FALSE,FALSE,0.1,0.1,FALSE
369,TRUE,progressive,race,FALSE,0.6,FALSE,TRUE,FALSE,0.5,0.2,FALSE
370,FALSE,neutral,other,FALSE,0.3,FALSE,TRUE,FALSE,0.2,0.2,FALSE
371,TRUE,anti_establishment,other,FALSE,0.3,FALSE,TRUE,FALSE,0.4,0.2,FALSE
372,FALSE,neutral,other,FALSE,0.5,FALSE,FALSE,FALSE,0.1,0.1,FALSE
373,FALSE,neutral,other,FALSE,0.4,FALSE,FALSE,FALSE,0.1,0.1,FALSE
374,TRUE,anti_establishment,other,FALSE,0.3,FALSE,TRUE,FALSE,0.3,0.2,FALSE
375,FALSE,neutral,other,FALSE,0.2,FALSE,FALSE,FALSE,0.1,0.2,FALSE
376,FALSE,neutral,other,FALSE,0.3,FALSE,FALSE,FALSE,0.1,0.1,FALSE
377,TRUE,progressive,environment,FALSE,0.3,FALSE,FALSE,TRUE,0.3,0.1,FALSE
378,TRUE,anti_establishment,class,FALSE,0.4,FALSE,TRUE,FALSE,0.5,0.2,FALSE
379,TRUE,progressive,race,TRUE,0.9,TRUE,TRUE,FALSE,0.5,0.4,FALSE
380,TRUE,progressive,gender,FALSE,0.3,TRUE,TRUE,FALSE,0.3,0.2,FALSE
381,FALSE,neutral,other,FALSE,0.7,FALSE,FALSE,FALSE,0.2,0.2,FALSE
382,FALSE,neutral,other,FALSE,0.3,FALSE,FALSE,FALSE,0.2,0.1,FALSE
383,TRUE,neutral,war,FALSE,0.3,FALSE,TRUE,FALSE,0.2,0.2,FALSE
384,FALSE,neutral,other,FALSE,0.4,FALSE,FALSE,FALSE,0.1,0.1,FALSE
385,TRUE,anti_establishment,class,FALSE,0.4,FALSE,TRUE,TRUE,0.6,0.2,FALSE
386,FALSE,neutral,other,FALSE,0.4,FALSE,FALSE,FALSE,0.1,0.1,FALSE
387,TRUE,progressive,environment,FALSE,0.2,FALSE,FALSE,TRUE,0.4,0.1,FALSE
388,FALSE,neutral,gender,FALSE,0.1,FALSE,FALSE,FALSE,0.2,0.3,FALSE
389,TRUE,neutral,other,FALSE,0.4,FALSE,TRUE,FALSE,0.3,0.3,FALSE
390,TRUE,neutral,war,FALSE,0.3,FALSE,TRUE,FALSE,0.3,0.2,FALSE
391,TRUE,neutral,other,FALSE,0.2,FALSE,TRUE,FALSE,0.2,0.1,FALSE
392,TRUE,conservative,race,FALSE,0.1,FALSE,FALSE,FALSE,0.7,0.0,FALSE
393,TRUE,anti_establishment,class,FALSE,0.2,FALSE,TRUE,FALSE,0.5,0.2,FALSE
394,TRUE,anti_establishment,class,FALSE,0.4,FALSE,FALSE,FALSE,0.7,0.6,FALSE
395,FALSE,neutral,other,FALSE,0.2,FALSE,FALSE,FALSE,0.1,0.1,FALSE
396,TRUE,neutral,environment,FALSE,0.3,FALSE,TRUE,TRUE,0.4,0.2,FALSE
397,TRUE,progressive,race,FALSE,0.5,FALSE,TRUE,FALSE,0.3,0.2,FALSE
398,TRUE,neutral,environment,FALSE,0.2,FALSE,FALSE,TRUE,0.3,0.1,FALSE
399,TRUE,progressive,race,TRUE,0.7,TRUE,FALSE,FALSE,0.4,0.1,FALSE
400,TRUE,progressive,environment,FALSE,0.3,TRUE,FALSE,TRUE,0.8,0.3,FALSE
401,TRUE,neutral,war,FALSE,0.2,FALSE,TRUE,FALSE,0.2,0.1,FALSE
402,TRUE,anti_establishment,war,FALSE,0.2,FALSE,TRUE,FALSE,0.3,0.2,FALSE
403,TRUE,progressive,class,FALSE,0.9,FALSE,FALSE,FALSE,0.5,0.3,FALSE
404,TRUE,neutral,war,FALSE,0.1,FALSE,TRUE,FALSE,0.2,0.2,FALSE
405,FALSE,neutral,other,FALSE,0.2,FALSE,FALSE,FALSE,0.1,0.1,FALSE
406,,,,,,,,,,,
407,TRUE,anti_establishment,other,FALSE,0.3,FALSE,FALSE,FALSE,0.3,0.2,FALSE
408,TRUE,neutral,other,FALSE,0.3,FALSE,TRUE,FALSE,0.2,0.1,FALSE
409,FALSE,neutral,gender,FALSE,0.2,FALSE,FALSE,FALSE,0.1,0.6,FALSE
410,TRUE,progressive,gender,FALSE,0.5,TRUE,TRUE,TRUE,0.8,0.4,FALSE
411,TRUE,progressive,gender,FALSE,0.5,TRUE,TRUE,FALSE,0.5,0.3,FALSE
412,TRUE,conservative,other,FALSE,0.2,FALSE,FALSE,FALSE,0.2,0.2,FALSE
413,TRUE,neutral,other,FALSE,0.3,FALSE,FALSE,FALSE,0.1,0.3,FALSE
414,FALSE,neutral,other,FALSE,0.2,FALSE,FALSE,FALSE,0.1,0.1,FALSE
415,TRUE,neutral,environment,FALSE,0.2,FALSE,TRUE,TRUE,0.3,0.2,FALSE
416,TRUE,conservative,war,FALSE,0.2,FALSE,TRUE,FALSE,0.2,0.2,FALSE
417,FALSE,neutral,other,FALSE,0.2,FALSE,FALSE,FALSE,0.1,0.1,FALSE
418,TRUE,progressive,race,FALSE,0.6,FALSE,FALSE,FALSE,0.2,0.1,FALSE
419,TRUE,anti_establishment,war,FALSE,0.4,FALSE,TRUE,FALSE,0.3,0.2,FALSE
420,TRUE,progressive,gender,FALSE,0.3,TRUE,FALSE,FALSE,0.2,0.2,FALSE
421,FALSE,neutral,other,FALSE,0.2,FALSE,FALSE,FALSE,0.1,0.1,FALSE
422,TRUE,progressive,race,FALSE,0.9,TRUE,FALSE,FALSE,0.6,0.2,FALSE
423,TRUE,authoritarian,other,FALSE,0.1,FALSE,FALSE,FALSE,0.3,0.3,TRUE
424,,,,,,,,,,,
425,TRUE,progressive,environment,FALSE,0.3,FALSE,FALSE,TRUE,0.4,0.2,FALSE
426,FALSE,neutral,gender,FALSE,0.2,FALSE,FALSE,FALSE,0.1,0.6,FALSE
427,FALSE,neutral,other,FALSE,0.3,FALSE,FALSE,FALSE,0.1,0.1,FALSE
428,TRUE,conservative,war,FALSE,0.2,FALSE,TRUE,FALSE,0.3,0.2,FALSE
429,FALSE,neutral,other,FALSE,0.2,FALSE,FALSE,FALSE,0.1,0.3,FALSE
430,TRUE,anti_establishment,war,FALSE,0.2,FALSE,TRUE,FALSE,0.3,0.1,FALSE
431,TRUE,anti_establishment,other,FALSE,0.2,FALSE,FALSE,FALSE,0.3,0.6,FALSE
432,TRUE,neutral,gender,FALSE,0.3,TRUE,FALSE,FALSE,0.4,0.3,FALSE
433,TRUE,neutral,war,FALSE,0.2,FALSE,TRUE,FALSE,0.2,0.2,FALSE
434,FALSE,neutral,other,FALSE,0.3,FALSE,FALSE,FALSE,0.1,0.1,FALSE
435,FALSE,neutral,gender,FALSE,0.6,FALSE,FALSE,FALSE,0.1,0.2,FALSE
436,,,,,,,,,,,
437,TRUE,neutral,war,FALSE,0.3,FALSE,TRUE,FALSE,0.2,0.3,FALSE
438,FALSE,neutral,other,FALSE,0.3,FALSE,FALSE,FALSE,0.1,0.1,FALSE
439,FALSE,neutral,other,FALSE,0.2,FALSE,FALSE,FALSE,0.1,0.3,FALSE
440,FALSE,neutral,other,FALSE,0.6,FALSE,FALSE,FALSE,0.2,0.2,FALSE
441,TRUE,neutral,environment,FALSE,0.2,FALSE,TRUE,TRUE,0.2,0.1,FALSE
442,TRUE,neutral,war,FALSE,0.2,FALSE,TRUE,FALSE,0.3,0.2,FALSE
443,TRUE,conservative,war,FALSE,0.2,FALSE,TRUE,FALSE,0.3,0.3,FALSE
444,FALSE,neutral,other,FALSE,0.2,FALSE,FALSE,FALSE,0.1,0.1,FALSE
445,TRUE,progressive,class,FALSE,0.5,FALSE,FALSE,FALSE,0.7,0.2,FALSE
446,FALSE,neutral,other,FALSE,0.2,FALSE,FALSE,FALSE,0.1,0.1,FALSE
447,FALSE,neutral,other,FALSE,0.2,FALSE,FALSE,FALSE,0.1,0.1,FALSE
448,TRUE,anti_establishment,war,FALSE,0.3,FALSE,TRUE,FALSE,0.4,0.2,FALSE
449,FALSE,neutral,other,FALSE,0.3,FALSE,FALSE,FALSE,0.1,0.2,FALSE
450,TRUE,conservative,war,FALSE,0.2,FALSE,TRUE,FALSE,0.3,0.2,FALSE
451,FALSE,neutral,other,FALSE,0.2,FALSE,FALSE,FALSE,0.1,0.1,FALSE
452,FALSE,neutral,other,FALSE,0.6,FALSE,FALSE,FALSE,0.1,0.1,FALSE
453,FALSE,neutral,other,FALSE,0.2,FALSE,FALSE,FALSE,0.1,0.1,FALSE
454,TRUE,anti_establishment,other,FALSE,0.3,FALSE,FALSE,FALSE,0.6,0.3,FALSE
455,FALSE,neutral,other,FALSE,0.2,FALSE,FALSE,FALSE,0.1,0.1,FALSE
456,FALSE,neutral,other,FALSE,0.3,FALSE,FALSE,FALSE,0.1,0.1,FALSE
457,TRUE,conservative,war,FALSE,0.2,FALSE,TRUE,FALSE,0.2,0.3,FALSE
458,TRUE,progressive,race,FALSE,0.4,FALSE,TRUE,TRUE,0.4,0.3,FALSE
459,TRUE,neutral,other,FALSE,0.3,FALSE,FALSE,FALSE,0.3,0.2,FALSE
460,TRUE,neutral,war,FALSE,0.3,FALSE,TRUE,FALSE,0.2,0.2,FALSE
461,TRUE,neutral,class,TRUE,0.3,FALSE,FALSE,FALSE,0.4,0.6,FALSE
462,TRUE,neutral,environment,FALSE,0.2,FALSE,FALSE,TRUE,0.3,0.1,FALSE
463,TRUE,authoritarian,other,FALSE,0.1,FALSE,FALSE,FALSE,0.3,0.4,TRUE
464,FALSE,neutral,other,FALSE,0.2,FALSE,FALSE,FALSE,0.1,0.1,FALSE
465,TRUE,progressive,race,FALSE,0.6,FALSE,TRUE,FALSE,0.5,0.2,FALSE
466,FALSE,neutral,other,FALSE,0.3,FALSE,FALSE,FALSE,0.1,0.1,FALSE
467,TRUE,anti_establishment,other,FALSE,0.3,FALSE,FALSE,FALSE,0.4,0.2,FALSE
468,FALSE,neutral,other,FALSE,0.3,FALSE,FALSE,FALSE,0.1,0.1,FALSE
469,TRUE,neutral,class,FALSE,0.3,FALSE,FALSE,FALSE,0.3,0.2,FALSE
470,TRUE,progressive,environment,FALSE,0.4,FALSE,FALSE,TRUE,0.5,0.2,FALSE
471,TRUE,neutral,environment,FALSE,0.2,FALSE,FALSE,TRUE,0.5,0.6,FALSE
472,TRUE,neutral,lgbt,TRUE,0.3,FALSE,FALSE,FALSE,0.3,0.7,FALSE
473,FALSE,neutral,other,FALSE,0.3,FALSE,FALSE,FALSE,0.1,0.1,FALSE
474,FALSE,neutral,other,FALSE,0.3,FALSE,FALSE,FALSE,0.1,0.1,FALSE
475,FALSE,neutral,other,FALSE,0.6,FALSE,FALSE,FALSE,0.2,0.1,FALSE
476,FALSE,neutral,other,FALSE,0.2,FALSE,FALSE,FALSE,0.1,0.1,FALSE
477,TRUE,anti_establishment,class,FALSE,0.3,FALSE,FALSE,FALSE,0.5,0.2,FALSE
478,TRUE,progressive,environment,FALSE,0.3,FALSE,FALSE,TRUE,0.9,0.3,FALSE
479,TRUE,anti_establishment,other,FALSE,0.3,FALSE,TRUE,FALSE,0.4,0.2,FALSE
480,FALSE,neutral,other,FALSE,0.2,FALSE,FALSE,FALSE,0.1,0.3,FALSE
481,TRUE,progressive,gender,FALSE,0.3,TRUE,FALSE,FALSE,0.6,0.4,FALSE
482,TRUE,neutral,environment,FALSE,0.2,FALSE,FALSE,TRUE,0.3,0.2,FALSE
483,FALSE,neutral,other,FALSE,0.3,FALSE,FALSE,FALSE,0.1,0.1,FALSE
484,TRUE,anti_establishment,other,FALSE,0.3,FALSE,FALSE,FALSE,0.4,0.2,FALSE
485,FALSE,neutral,other,FALSE,0.3,FALSE,FALSE,FALSE,0.1,0.1,FALSE
486,TRUE,anti_establishment,other,FALSE,0.4,FALSE,TRUE,FALSE,0.6,0.2,FALSE
487,TRUE,anti_establishment,class,FALSE,0.5,TRUE,TRUE,FALSE,0.8,0.3,FALSE
488,TRUE,neutral,class,FALSE,0.3,FALSE,FALSE,FALSE,0.4,0.1,FALSE
489,FALSE,neutral,other,FALSE,0.6,FALSE,FALSE,FALSE,0.1,0.1,FALSE
490,TRUE,progressive,race,FALSE,0.7,TRUE,FALSE,TRUE,0.5,0.4,FALSE
491,TRUE,progressive,class,FALSE,0.4,TRUE,FALSE,FALSE,0.4,0.2,FALSE
492,FALSE,neutral,other,FALSE,0.5,FALSE,FALSE,FALSE,0.1,0.1,FALSE
493,TRUE,progressive,environment,FALSE,0.4,FALSE,FALSE,TRUE,0.5,0.2,FALSE
494,FALSE,neutral,other,FALSE,0.4,FALSE,FALSE,FALSE,0.1,0.1,FALSE
495,TRUE,anti_establishment,class,FALSE,0.4,FALSE,FALSE,FALSE,0.5,0.2,FALSE
496,TRUE,anti_establishment,other,FALSE,0.4,FALSE,TRUE,FALSE,0.4,0.3,FALSE
497,FALSE,neutral,other,FALSE,0.2,FALSE,FALSE,FALSE,0.1,0.1,FALSE
498,TRUE,anti_establishment,other,FALSE,0.2,FALSE,FALSE,FALSE,0.3,0.1,FALSE
499,FALSE,neutral,other,FALSE,0.3,FALSE,FALSE,FALSE,0.1,0.1,FALSE
500,TRUE,neutral,war,FALSE,0.3,FALSE,TRUE,FALSE,0.2,0.2,FALSE
