film_id,main_theme,has_major_twist,has_open_ending,moral_dilemma_present,narrative_complexity,based_on_true_story,narrative_type,perspective_type,ending_type,stakes_level,tone,timeline_period
1,survival,FALSE,FALSE,TRUE,0.70,FALSE,linear,third_omniscient,closed,high,balanced,future
2,sacrifice,TRUE,FALSE,TRUE,0.85,FALSE,nonlinear,multiple,closed,high,dark,mixed
3,family,FALSE,FALSE,TRUE,0.65,FALSE,linear,third_omniscient,closed,high,balanced,future
4,love,FALSE,FALSE,TRUE,0.60,TRUE,linear,multiple,closed,high,dark,historical
5,coming_of_age,TRUE,FALSE,TRUE,0.70,FALSE,linear,multiple,cliffhanger,high,balanced,future
6,sacrifice,TRUE,FALSE,TRUE,0.80,FALSE,nonlinear,multiple,cliffhanger,high,dark,future
7,revenge,TRUE,FALSE,TRUE,0.75,FALSE,linear,third_omniscient,closed,high,balanced,other
8,friendship,TRUE,FALSE,TRUE,0.80,FALSE,nonlinear,multiple,closed,high,balanced,mixed
9,coming_of_age,FALSE,FALSE,TRUE,0.55,FALSE,linear,third_omniscient,closed,medium,balanced,contemporary
10,survival,FALSE,FALSE,FALSE,0.60,FALSE,linear,third_omniscient,closed,high,balanced,contemporary
11,family,FALSE,FALSE,TRUE,0.50,FALSE,linear,third_omniscient,closed,medium,balanced,historical
12,teamwork,TRUE,FALSE,TRUE,0.65,FALSE,linear,multiple,closed,high,balanced,contemporary
13,family,FALSE,FALSE,TRUE,0.55,FALSE,linear,third_omniscient,closed,high,balanced,contemporary
14,legacy,FALSE,FALSE,TRUE,0.60,FALSE,linear,third_omniscient,closed,high,balanced,contemporary
15,freedom,TRUE,FALSE,TRUE,0.65,FALSE,linear,third_omniscient,closed,medium,balanced,fantasy
16,identity,FALSE,FALSE,TRUE,0.75,FALSE,nonlinear,multiple,open,medium,balanced,contemporary
17,power,TRUE,FALSE,TRUE,0.70,FALSE,linear,multiple,closed,high,dark,future
18,friendship,FALSE,FALSE,FALSE,0.40,FALSE,linear,third_omniscient,closed,medium,light,fantasy
19,revenge,TRUE,FALSE,TRUE,0.80,FALSE,nonlinear,multiple,open,high,dark,contemporary
20,justice,FALSE,FALSE,TRUE,0.70,FALSE,linear,third_omniscient,closed,high,balanced,contemporary
21,sacrifice,TRUE,TRUE,TRUE,0.75,FALSE,nonlinear,multiple,ambiguous,high,dark,future
22,war,FALSE,FALSE,TRUE,0.80,FALSE,linear,multiple,closed,high,balanced,fantasy
23,survival,TRUE,FALSE,TRUE,0.65,FALSE,linear,third_omniscient,cliffhanger,high,dark,contemporary
24,love,FALSE,FALSE,TRUE,0.50,FALSE,linear,third_omniscient,closed,medium,light,fantasy
25,love,FALSE,FALSE,TRUE,0.55,FALSE,linear,third_omniscient,closed,medium,light,historical
26,family,FALSE,FALSE,TRUE,0.55,FALSE,linear,third_omniscient,closed,medium,balanced,contemporary
27,revenge,TRUE,FALSE,TRUE,0.70,FALSE,linear,first_person,closed,high,dark,contemporary
28,family,FALSE,FALSE,TRUE,0.55,FALSE,linear,third_omniscient,closed,high,balanced,contemporary
29,freedom,FALSE,FALSE,FALSE,0.40,FALSE,linear,third_omniscient,closed,low,light,historical
30,justice,TRUE,FALSE,TRUE,0.75,FALSE,linear,multiple,closed,high,dark,contemporary
31,power,FALSE,FALSE,FALSE,0.60,FALSE,linear,third_omniscient,closed,high,balanced,fantasy
32,coming_of_age,TRUE,FALSE,TRUE,0.65,FALSE,linear,third_omniscient,closed,medium,balanced,contemporary
33,identity,FALSE,FALSE,FALSE,0.55,FALSE,linear,third_omniscient,closed,medium,balanced,contemporary
34,sacrifice,FALSE,FALSE,TRUE,0.90,FALSE,linear,multiple,closed,high,balanced,historical
35,war,TRUE,FALSE,TRUE,0.60,FALSE,linear,third_omniscient,closed,high,dark,future
36,justice,TRUE,FALSE,TRUE,0.70,FALSE,linear,third_omniscient,closed,high,dark,contemporary
37,survival,FALSE,FALSE,FALSE,0.55,FALSE,linear,third_omniscient,closed,high,balanced,future
38,sacrifice,FALSE,FALSE,TRUE,0.80,FALSE,linear,third_omniscient,closed,high,dark,contemporary
39,identity,TRUE,TRUE,TRUE,0.85,FALSE,nonlinear,unreliable,ambiguous,high,dark,contemporary
40,friendship,FALSE,FALSE,TRUE,0.50,FALSE,linear,third_omniscient,closed,medium,light,contemporary
41,war,TRUE,FALSE,TRUE,0.70,FALSE,linear,multiple,closed,high,balanced,future
42,friendship,FALSE,FALSE,TRUE,0.70,FALSE,linear,third_omniscient,closed,high,balanced,contemporary
43,revenge,TRUE,FALSE,TRUE,0.65,FALSE,linear,third_omniscient,cliffhanger,high,balanced,historical
44,freedom,FALSE,FALSE,TRUE,0.50,FALSE,linear,third_omniscient,closed,medium,light,fantasy
45,survival,FALSE,FALSE,FALSE,0.70,FALSE,linear,third_omniscient,closed,high,balanced,contemporary
46,sacrifice,TRUE,FALSE,TRUE,0.75,FALSE,linear,multiple,closed,high,dark,historical
47,power,FALSE,FALSE,FALSE,0.60,FALSE,linear,third_omniscient,cliffhanger,high,balanced,future
48,freedom,FALSE,FALSE,TRUE,0.60,FALSE,linear,third_omniscient,closed,medium,balanced,historical
49,love,FALSE,FALSE,TRUE,0.50,FALSE,linear,third_omniscient,closed,medium,light,historical
50,family,FALSE,FALSE,TRUE,0.55,FALSE,linear,third_omniscient,closed,medium,light,contemporary
51,family,FALSE,FALSE,TRUE,0.45,FALSE,linear,third_omniscient,closed,medium,light,contemporary
52,freedom,TRUE,FALSE,TRUE,0.65,FALSE,nonlinear,third_omniscient,closed,medium,balanced,fantasy
53,family,FALSE,FALSE,TRUE,0.50,FALSE,linear,third_omniscient,closed,medium,balanced,contemporary
54,justice,FALSE,FALSE,TRUE,0.70,FALSE,linear,third_omniscient,closed,medium,balanced,contemporary
55,adventure,FALSE,FALSE,TRUE,0.70,FALSE,linear,third_omniscient,cliffhanger,high,balanced,historical
56,justice,TRUE,FALSE,TRUE,0.90,FALSE,nonlinear,multiple,closed,high,dark,contemporary
57,survival,FALSE,FALSE,TRUE,0.60,FALSE,linear,third_omniscient,closed,high,balanced,contemporary
58,family,FALSE,FALSE,TRUE,0.55,FALSE,linear,third_omniscient,closed,medium,balanced,historical
59,sacrifice,FALSE,FALSE,TRUE,0.85,TRUE,linear,third_omniscient,closed,high,dark,historical
60,family,FALSE,FALSE,TRUE,0.45,FALSE,linear,third_omniscient,closed,medium,light,contemporary
61,family,FALSE,FALSE,TRUE,0.45,FALSE,linear,third_omniscient,closed,medium,light,contemporary
62,coming_of_age,FALSE,FALSE,TRUE,0.60,FALSE,linear,third_omniscient,closed,medium,balanced,fantasy
63,friendship,FALSE,FALSE,TRUE,0.50,FALSE,linear,multiple,closed,medium,light,contemporary
64,sacrifice,TRUE,FALSE,TRUE,0.75,FALSE,linear,multiple,closed,high,balanced,historical
65,greed,TRUE,FALSE,TRUE,0.70,FALSE,linear,third_omniscient,cliffhanger,high,balanced,historical
66,survival,FALSE,FALSE,FALSE,0.50,FALSE,linear,third_omniscient,closed,medium,balanced,fantasy
67,power,TRUE,FALSE,TRUE,0.80,FALSE,nonlinear,multiple,closed,high,dark,mixed
68,family,FALSE,FALSE,TRUE,0.55,FALSE,linear,third_omniscient,closed,medium,balanced,historical
69,sacrifice,FALSE,TRUE,TRUE,0.75,FALSE,linear,multiple,cliffhanger,high,dark,fantasy
70,war,FALSE,FALSE,TRUE,0.80,FALSE,linear,multiple,closed,high,balanced,historical
71,coming_of_age,FALSE,FALSE,FALSE,0.40,FALSE,linear,third_omniscient,closed,low,light,contemporary
72,war,FALSE,FALSE,TRUE,0.75,FALSE,linear,multiple,closed,high,balanced,fantasy
73,family,FALSE,FALSE,TRUE,0.55,FALSE,linear,third_omniscient,closed,medium,light,contemporary
74,love,FALSE,FALSE,TRUE,0.50,FALSE,linear,third_omniscient,closed,medium,light,fantasy
75,sacrifice,TRUE,FALSE,TRUE,0.80,FALSE,linear,multiple,cliffhanger,high,dark,fantasy
76,war,FALSE,FALSE,TRUE,0.85,FALSE,linear,multiple,cliffhanger,high,balanced,historical
77,revenge,TRUE,FALSE,TRUE,0.75,FALSE,linear,multiple,closed,high,dark,future
78,revenge,TRUE,FALSE,TRUE,0.70,FALSE,linear,first_person,closed,high,dark,contemporary
79,sacrifice,FALSE,FALSE,TRUE,0.80,FALSE,linear,multiple,closed,high,balanced,historical
80,family,FALSE,FALSE,FALSE,0.45,FALSE,linear,third_omniscient,closed,medium,light,prehistoric
81,friendship,FALSE,FALSE,FALSE,0.40,FALSE,linear,third_omniscient,closed,low,light,contemporary
82,coming_of_age,FALSE,FALSE,TRUE,0.70,FALSE,linear,multiple,closed,medium,balanced,fantasy
83,friendship,FALSE,FALSE,FALSE,0.45,FALSE,linear,third_omniscient,closed,medium,light,prehistoric
84,freedom,FALSE,FALSE,TRUE,0.70,TRUE,linear,first_person,closed,medium,balanced,historical
85,revenge,TRUE,FALSE,TRUE,0.65,FALSE,linear,third_omniscient,closed,high,dark,contemporary
86,coming_of_age,FALSE,FALSE,TRUE,0.60,FALSE,linear,third_omniscient,closed,medium,balanced,contemporary
87,coming_of_age,FALSE,FALSE,TRUE,0.65,FALSE,linear,multiple,closed,medium,balanced,fantasy
88,justice,TRUE,FALSE,TRUE,0.80,FALSE,nonlinear,multiple,closed,high,dark,contemporary
89,family,FALSE,FALSE,TRUE,0.60,FALSE,linear,multiple,closed,medium,balanced,fantasy
90,survival,FALSE,FALSE,TRUE,0.60,FALSE,linear,third_omniscient,closed,high,balanced,future
91,freedom,FALSE,FALSE,TRUE,0.80,FALSE,linear,first_person,cliffhanger,high,dark,future
92,sacrifice,FALSE,FALSE,TRUE,0.70,FALSE,linear,multiple,closed,high,balanced,contemporary
93,identity,TRUE,FALSE,TRUE,0.65,FALSE,linear,first_person,closed,high,dark,contemporary
94,freedom,FALSE,FALSE,TRUE,0.65,FALSE,linear,multiple,closed,high,balanced,fantasy
95,emotion,FALSE,FALSE,TRUE,0.70,FALSE,nonlinear,third_omniscient,closed,medium,balanced,contemporary
96,sacrifice,FALSE,FALSE,TRUE,0.75,FALSE,linear,multiple,closed,high,balanced,fantasy
97,family,TRUE,FALSE,TRUE,0.70,TRUE,nonlinear,first_person,closed,medium,balanced,contemporary
98,war,FALSE,FALSE,TRUE,0.60,FALSE,linear,multiple,closed,high,balanced,future
99,love,FALSE,FALSE,TRUE,0.55,FALSE,linear,multiple,closed,medium,balanced,fantasy
100,other,TRUE,TRUE,TRUE,0.95,FALSE,nonlinear,unreliable,ambiguous,high,dark,contemporary
101,justice,FALSE,FALSE,TRUE,0.60,FALSE,linear,third_omniscient,closed,high,balanced,contemporary
102,war,FALSE,FALSE,TRUE,0.65,FALSE,linear,third_omniscient,closed,high,balanced,historical
103,survival,FALSE,FALSE,TRUE,0.55,FALSE,linear,multiple,closed,high,balanced,contemporary
104,friendship,FALSE,FALSE,TRUE,0.65,FALSE,linear,third_omniscient,closed,medium,balanced,historical
105,war,FALSE,FALSE,TRUE,0.60,FALSE,linear,third_omniscient,closed,high,balanced,contemporary
106,war,FALSE,FALSE,TRUE,0.70,TRUE,linear,multiple,closed,high,dark,historical
107,family,FALSE,FALSE,FALSE,0.40,FALSE,linear,third_omniscient,closed,medium,light,fantasy
108,friendship,FALSE,FALSE,TRUE,0.55,FALSE,linear,third_omniscient,closed,medium,balanced,contemporary
109,sacrifice,TRUE,FALSE,TRUE,0.70,FALSE,linear,third_omniscient,closed,high,balanced,contemporary
110,family,TRUE,FALSE,TRUE,0.75,FALSE,linear,third_omniscient,closed,medium,balanced,contemporary
111,revenge,TRUE,FALSE,TRUE,0.65,FALSE,linear,third_omniscient,closed,high,balanced,historical
112,friendship,FALSE,FALSE,TRUE,0.55,FALSE,linear,multiple,closed,medium,light,contemporary
113,family,FALSE,FALSE,TRUE,0.55,FALSE,linear,multiple,closed,high,balanced,contemporary
114,adventure,FALSE,FALSE,FALSE,0.50,FALSE,linear,third_omniscient,closed,medium,balanced,historical
115,sacrifice,FALSE,FALSE,TRUE,0.75,FALSE,linear,third_omniscient,closed,high,balanced,contemporary
116,revenge,TRUE,FALSE,TRUE,0.70,FALSE,linear,first_person,closed,high,balanced,contemporary
117,freedom,TRUE,FALSE,TRUE,0.75,FALSE,linear,multiple,closed,medium,balanced,fantasy
118,revenge,TRUE,FALSE,TRUE,0.65,FALSE,linear,first_person,closed,high,balanced,contemporary
119,freedom,FALSE,FALSE,TRUE,0.70,FALSE,linear,multiple,closed,high,balanced,future
120,justice,FALSE,FALSE,TRUE,0.80,FALSE,linear,third_omniscient,closed,high,dark,contemporary
121,friendship,FALSE,FALSE,TRUE,0.65,FALSE,linear,multiple,closed,medium,balanced,fantasy
122,justice,TRUE,FALSE,TRUE,0.75,TRUE,linear,third_omniscient,closed,medium,dark,contemporary
123,freedom,FALSE,TRUE,TRUE,0.75,FALSE,linear,first_person,cliffhanger,high,dark,future
124,love,FALSE,FALSE,TRUE,0.60,FALSE,linear,multiple,closed,medium,balanced,fantasy
125,friendship,FALSE,FALSE,TRUE,0.55,FALSE,linear,multiple,closed,high,balanced,contemporary
126,sacrifice,FALSE,FALSE,TRUE,0.70,FALSE,linear,multiple,closed,high,balanced,contemporary
127,justice,FALSE,FALSE,TRUE,0.60,FALSE,linear,third_omniscient,closed,high,balanced,contemporary
128,love,TRUE,FALSE,TRUE,0.65,FALSE,linear,third_omniscient,closed,medium,balanced,fantasy
129,survival,FALSE,FALSE,TRUE,0.55,FALSE,linear,multiple,closed,high,dark,future
130,family,TRUE,FALSE,TRUE,0.50,FALSE,circular,third_omniscient,closed,medium,light,fantasy
131,love,FALSE,FALSE,TRUE,0.60,FALSE,linear,third_omniscient,closed,medium,balanced,fantasy
132,justice,TRUE,FALSE,TRUE,0.65,FALSE,linear,multiple,closed,high,dark,contemporary
133,freedom,TRUE,FALSE,TRUE,0.80,FALSE,nonlinear,multiple,closed,high,balanced,future
134,friendship,FALSE,FALSE,FALSE,0.45,FALSE,linear,third_omniscient,closed,medium,light,contemporary
135,coming_of_age,FALSE,FALSE,FALSE,0.50,FALSE,linear,third_omniscient,closed,medium,light,contemporary
136,identity,TRUE,FALSE,TRUE,0.75,FALSE,linear,third_omniscient,closed,high,balanced,fantasy
137,freedom,TRUE,FALSE,TRUE,0.85,FALSE,nonlinear,multiple,cliffhanger,high,dark,future
138,family,FALSE,FALSE,TRUE,0.65,FALSE,linear,third_omniscient,closed,medium,balanced,contemporary
139,legacy,FALSE,FALSE,TRUE,0.60,FALSE,linear,third_omniscient,closed,medium,balanced,historical
140,faith,FALSE,FALSE,TRUE,0.70,FALSE,linear,third_omniscient,closed,medium,balanced,historical
141,family,FALSE,FALSE,TRUE,0.55,FALSE,linear,multiple,closed,high,balanced,contemporary
142,sacrifice,FALSE,FALSE,TRUE,0.85,FALSE,linear,multiple,cliffhanger,high,dark,future
143,justice,TRUE,FALSE,TRUE,0.80,FALSE,linear,multiple,closed,high,balanced,contemporary
144,family,FALSE,FALSE,TRUE,0.60,FALSE,linear,multiple,cliffhanger,high,balanced,contemporary
145,survival,FALSE,FALSE,TRUE,0.70,FALSE,linear,multiple,closed,high,balanced,future
146,love,TRUE,FALSE,TRUE,0.70,FALSE,linear,third_omniscient,cliffhanger,high,balanced,contemporary
147,war,FALSE,FALSE,TRUE,0.65,FALSE,linear,multiple,closed,high,balanced,future
148,love,FALSE,FALSE,TRUE,0.55,FALSE,linear,multiple,closed,medium,balanced,fantasy
149,fear,TRUE,FALSE,TRUE,0.75,FALSE,linear,third_omniscient,cliffhanger,high,dark,contemporary
150,sacrifice,FALSE,FALSE,TRUE,0.75,FALSE,linear,multiple,closed,high,balanced,contemporary
151,freedom,TRUE,TRUE,TRUE,0.90,FALSE,nonlinear,multiple,cliffhanger,high,balanced,future
152,sacrifice,FALSE,FALSE,TRUE,0.70,FALSE,linear,multiple,closed,high,balanced,contemporary
153,love,FALSE,FALSE,TRUE,0.55,FALSE,linear,first_person,cliffhanger,medium,balanced,fantasy
154,survival,FALSE,FALSE,TRUE,0.75,FALSE,linear,third_omniscient,closed,high,balanced,future
155,freedom,FALSE,FALSE,TRUE,0.55,FALSE,linear,third_omniscient,closed,medium,balanced,historical
156,love,FALSE,FALSE,TRUE,0.60,FALSE,linear,multiple,cliffhanger,medium,balanced,fantasy
157,life,FALSE,FALSE,TRUE,0.70,TRUE,linear,first_person,closed,medium,balanced,historical
158,freedom,FALSE,FALSE,TRUE,0.75,FALSE,linear,first_person,closed,high,dark,future
159,power,TRUE,FALSE,TRUE,0.70,FALSE,linear,third_omniscient,closed,high,balanced,contemporary
160,other,TRUE,FALSE,TRUE,0.95,FALSE,nonlinear,unreliable,ambiguous,high,dark,contemporary
161,justice,FALSE,FALSE,TRUE,0.65,FALSE,linear,third_omniscient,closed,high,balanced,contemporary
162,family,FALSE,FALSE,TRUE,0.55,FALSE,linear,third_omniscient,closed,medium,balanced,fantasy
163,justice,FALSE,FALSE,TRUE,0.70,FALSE,linear,multiple,closed,high,balanced,contemporary
164,love,FALSE,FALSE,TRUE,0.60,FALSE,linear,multiple,cliffhanger,high,balanced,future
165,power,TRUE,FALSE,TRUE,0.70,FALSE,linear,multiple,cliffhanger,high,balanced,historical
166,freedom,TRUE,FALSE,TRUE,0.65,FALSE,linear,third_omniscient,closed,medium,balanced,historical
167,friendship,FALSE,FALSE,TRUE,0.55,FALSE,linear,multiple,closed,medium,balanced,contemporary
168,survival,FALSE,FALSE,TRUE,0.70,FALSE,linear,first_person,closed,high,balanced,future
169,family,FALSE,FALSE,FALSE,0.45,FALSE,linear,third_omniscient,closed,medium,light,prehistoric
170,friendship,FALSE,FALSE,TRUE,0.60,FALSE,linear,third_omniscient,closed,medium,balanced,future
171,sacrifice,FALSE,FALSE,TRUE,0.80,FALSE,linear,first_person,closed,high,dark,future
172,sacrifice,FALSE,FALSE,TRUE,0.65,FALSE,linear,multiple,closed,high,balanced,fantasy
173,sacrifice,TRUE,FALSE,TRUE,0.90,FALSE,nonlinear,multiple,ambiguous,high,balanced,future
174,sacrifice,FALSE,FALSE,TRUE,0.75,FALSE,linear,multiple,cliffhanger,high,balanced,fantasy
175,family,FALSE,FALSE,TRUE,0.60,FALSE,linear,third_omniscient,closed,medium,balanced,fantasy
176,coming_of_age,FALSE,FALSE,TRUE,0.55,FALSE,linear,third_omniscient,closed,medium,light,historical
177,freedom,FALSE,FALSE,TRUE,0.60,FALSE,linear,third_omniscient,closed,medium,balanced,fantasy
178,family,FALSE,FALSE,TRUE,0.65,FALSE,linear,third_omniscient,closed,high,balanced,contemporary
179,friendship,FALSE,FALSE,FALSE,0.45,FALSE,linear,third_omniscient,closed,medium,light,contemporary
180,family,FALSE,FALSE,TRUE,0.60,FALSE,linear,multiple,closed,high,balanced,contemporary
181,ambition,FALSE,FALSE,TRUE,0.55,TRUE,linear,multiple,closed,high,balanced,contemporary
182,passion,FALSE,FALSE,TRUE,0.70,FALSE,linear,third_omniscient,closed,medium,balanced,historical
183,redemption,TRUE,FALSE,TRUE,0.65,FALSE,linear,first_person,closed,high,balanced,contemporary
184,teamwork,FALSE,FALSE,TRUE,0.55,FALSE,linear,multiple,closed,medium,light,contemporary
185,sacrifice,FALSE,FALSE,TRUE,0.85,TRUE,linear,third_omniscient,closed,high,dark,historical
186,power,FALSE,FALSE,TRUE,0.65,FALSE,linear,third_omniscient,closed,high,balanced,contemporary
187,faith,TRUE,FALSE,TRUE,0.85,FALSE,nonlinear,first_person,ambiguous,high,balanced,contemporary
188,survival,FALSE,FALSE,TRUE,0.60,FALSE,linear,third_omniscient,closed,high,balanced,contemporary
189,justice,FALSE,FALSE,TRUE,0.70,FALSE,linear,third_omniscient,closed,high,balanced,contemporary
190,family,FALSE,FALSE,TRUE,0.65,FALSE,linear,third_omniscient,closed,medium,balanced,fantasy
191,sacrifice,FALSE,FALSE,TRUE,0.80,FALSE,linear,first_person,closed,high,dark,contemporary
192,survival,FALSE,FALSE,TRUE,0.75,FALSE,linear,multiple,closed,high,balanced,future
193,survival,FALSE,FALSE,TRUE,0.70,FALSE,linear,multiple,closed,high,dark,contemporary
194,war,FALSE,FALSE,TRUE,0.65,FALSE,linear,multiple,closed,high,balanced,future
195,family,FALSE,FALSE,FALSE,0.45,FALSE,linear,third_omniscient,closed,medium,light,contemporary
196,justice,FALSE,FALSE,TRUE,0.70,FALSE,linear,third_omniscient,closed,high,balanced,contemporary
197,revenge,FALSE,FALSE,TRUE,0.65,FALSE,linear,third_omniscient,closed,high,dark,contemporary
198,sacrifice,FALSE,FALSE,TRUE,0.85,FALSE,linear,multiple,cliffhanger,high,balanced,contemporary
199,friendship,FALSE,FALSE,FALSE,0.50,FALSE,linear,multiple,closed,medium,light,contemporary
200,friendship,FALSE,FALSE,FALSE,0.45,FALSE,linear,multiple,closed,medium,light,contemporary
201,survival,FALSE,FALSE,TRUE,0.75,FALSE,linear,first_person,closed,high,dark,future
202,justice,FALSE,FALSE,TRUE,0.65,FALSE,linear,third_omniscient,closed,high,balanced,contemporary
203,freedom,FALSE,FALSE,TRUE,0.70,FALSE,linear,third_omniscient,closed,high,balanced,future
204,love,FALSE,FALSE,TRUE,0.55,FALSE,linear,third_omniscient,closed,medium,light,fantasy
205,justice,TRUE,FALSE,TRUE,0.85,FALSE,nonlinear,multiple,ambiguous,high,dark,historical
206,love,FALSE,FALSE,FALSE,0.45,FALSE,linear,third_omniscient,closed,medium,light,contemporary
207,friendship,FALSE,FALSE,FALSE,0.50,FALSE,linear,third_omniscient,closed,medium,light,contemporary
208,family,FALSE,FALSE,TRUE,0.55,FALSE,linear,third_omniscient,closed,medium,light,prehistoric
209,war,FALSE,FALSE,TRUE,0.65,FALSE,linear,multiple,closed,high,balanced,future
210,survival,FALSE,FALSE,TRUE,0.60,FALSE,linear,third_omniscient,closed,high,balanced,historical
211,love,FALSE,FALSE,TRUE,0.45,FALSE,linear,first_person,closed,medium,light,contemporary
212,justice,FALSE,FALSE,TRUE,0.60,FALSE,linear,multiple,closed,medium,light,contemporary
213,love,FALSE,FALSE,TRUE,0.55,FALSE,linear,third_omniscient,closed,medium,light,fantasy
214,sacrifice,FALSE,TRUE,TRUE,0.80,FALSE,linear,multiple,cliffhanger,high,balanced,contemporary
215,friendship,FALSE,FALSE,FALSE,0.40,FALSE,linear,third_omniscient,closed,medium,light,contemporary
216,friendship,FALSE,FALSE,TRUE,0.55,FALSE,linear,third_omniscient,closed,medium,light,contemporary
217,friendship,FALSE,FALSE,FALSE,0.45,FALSE,linear,third_omniscient,closed,medium,light,contemporary
218,sacrifice,FALSE,FALSE,TRUE,0.70,FALSE,linear,third_omniscient,closed,high,balanced,historical
219,friendship,FALSE,FALSE,FALSE,0.45,FALSE,linear,third_omniscient,closed,medium,light,contemporary
220,friendship,FALSE,FALSE,FALSE,0.45,FALSE,linear,third_omniscient,closed,medium,light,contemporary
221,survival,FALSE,FALSE,TRUE,0.65,FALSE,linear,multiple,closed,high,dark,future
222,freedom,FALSE,FALSE,TRUE,0.55,FALSE,linear,third_omniscient,closed,medium,light,fantasy
223,freedom,FALSE,FALSE,TRUE,0.55,FALSE,linear,third_omniscient,closed,medium,light,historical
224,sacrifice,FALSE,FALSE,TRUE,0.70,FALSE,linear,multiple,closed,high,balanced,contemporary
225,revenge,FALSE,FALSE,TRUE,0.60,FALSE,linear,third_omniscient,closed,high,balanced,contemporary
226,sacrifice,TRUE,TRUE,TRUE,0.80,FALSE,linear,multiple,cliffhanger,high,balanced,future
227,family,FALSE,FALSE,TRUE,0.60,FALSE,linear,third_omniscient,closed,medium,balanced,fantasy
228,war,FALSE,FALSE,TRUE,0.80,TRUE,linear,first_person,closed,high,dark,historical
229,family,FALSE,FALSE,TRUE,0.45,FALSE,linear,third_omniscient,closed,medium,light,contemporary
230,justice,FALSE,FALSE,TRUE,0.60,FALSE,linear,multiple,closed,medium,light,contemporary
231,power,FALSE,FALSE,TRUE,0.70,FALSE,linear,multiple,closed,high,balanced,future
232,love,FALSE,FALSE,TRUE,0.50,FALSE,linear,third_omniscient,closed,medium,light,historical
233,justice,TRUE,FALSE,TRUE,0.70,FALSE,linear,multiple,closed,high,balanced,historical
234,survival,FALSE,FALSE,TRUE,0.85,TRUE,linear,first_person,closed,high,dark,historical
235,freedom,FALSE,FALSE,TRUE,0.70,FALSE,linear,third_omniscient,closed,high,balanced,future
236,survival,FALSE,FALSE,TRUE,0.70,FALSE,linear,multiple,closed,high,dark,contemporary
237,friendship,FALSE,FALSE,TRUE,0.50,FALSE,linear,third_omniscient,closed,medium,light,contemporary
238,survival,FALSE,FALSE,FALSE,0.55,FALSE,linear,third_omniscient,closed,high,balanced,contemporary
239,war,FALSE,FALSE,TRUE,0.65,FALSE,linear,multiple,closed,high,balanced,contemporary
240,sacrifice,FALSE,FALSE,TRUE,0.80,TRUE,nonlinear,multiple,closed,high,balanced,historical
241,family,FALSE,FALSE,FALSE,0.45,FALSE,linear,third_omniscient,closed,medium,light,contemporary
242,family,FALSE,FALSE,FALSE,0.40,FALSE,linear,third_omniscient,closed,medium,light,contemporary
243,freedom,FALSE,FALSE,TRUE,0.50,FALSE,linear,third_omniscient,closed,medium,light,contemporary
244,love,FALSE,FALSE,TRUE,0.55,FALSE,linear,third_omniscient,closed,medium,balanced,contemporary
245,justice,FALSE,FALSE,TRUE,0.70,FALSE,linear,multiple,cliffhanger,high,balanced,future
246,family,FALSE,FALSE,TRUE,0.60,FALSE,linear,third_omniscient,closed,medium,balanced,fantasy
247,family,FALSE,FALSE,TRUE,0.60,FALSE,linear,third_omniscient,closed,medium,balanced,fantasy
248,justice,FALSE,FALSE,TRUE,0.60,FALSE,linear,third_omniscient,closed,medium,balanced,contemporary
249,love,TRUE,FALSE,TRUE,0.70,FALSE,nonlinear,unreliable,closed,medium,balanced,contemporary
250,survival,FALSE,FALSE,TRUE,0.80,FALSE,linear,multiple,cliffhanger,high,balanced,future
251,family,FALSE,FALSE,TRUE,0.40,FALSE,linear,third_omniscient,closed,medium,light,contemporary
252,war,FALSE,FALSE,TRUE,0.70,TRUE,linear,multiple,closed,high,dark,historical
253,sacrifice,TRUE,FALSE,TRUE,0.70,FALSE,linear,third_omniscient,closed,high,dark,contemporary
254,friendship,FALSE,FALSE,TRUE,0.40,FALSE,linear,third_omniscient,closed,medium,light,contemporary
255,sacrifice,FALSE,FALSE,TRUE,0.60,FALSE,linear,third_omniscient,closed,high,balanced,fantasy
256,friendship,TRUE,FALSE,TRUE,0.55,FALSE,linear,third_omniscient,closed,medium,balanced,contemporary
257,justice,TRUE,FALSE,TRUE,0.70,FALSE,linear,third_omniscient,closed,high,dark,contemporary
258,love,FALSE,FALSE,TRUE,0.65,FALSE,linear,third_omniscient,closed,medium,balanced,contemporary
259,freedom,FALSE,FALSE,TRUE,0.50,FALSE,linear,third_omniscient,closed,medium,light,historical
260,friendship,FALSE,FALSE,TRUE,0.55,FALSE,linear,third_omniscient,closed,high,balanced,contemporary
261,survival,FALSE,FALSE,TRUE,0.50,FALSE,linear,third_omniscient,closed,high,balanced,contemporary
262,justice,TRUE,FALSE,TRUE,0.60,FALSE,linear,third_omniscient,closed,high,balanced,historical
263,survival,FALSE,FALSE,TRUE,0.55,FALSE,linear,third_omniscient,closed,high,dark,contemporary
264,friendship,TRUE,FALSE,TRUE,0.60,FALSE,linear,third_omniscient,closed,medium,balanced,contemporary
265,friendship,FALSE,FALSE,TRUE,0.60,FALSE,linear,third_omniscient,closed,high,balanced,fantasy
266,freedom,FALSE,FALSE,TRUE,0.50,FALSE,linear,third_omniscient,closed,high,balanced,historical
267,war,FALSE,FALSE,TRUE,0.65,TRUE,linear,multiple,closed,high,dark,contemporary
268,family,FALSE,FALSE,TRUE,0.45,FALSE,linear,third_omniscient,closed,medium,light,contemporary
269,love,TRUE,FALSE,TRUE,0.55,FALSE,linear,third_omniscient,closed,medium,light,fantasy
270,justice,TRUE,FALSE,TRUE,0.70,FALSE,linear,third_omniscient,closed,high,balanced,contemporary
271,power,TRUE,FALSE,TRUE,0.55,FALSE,linear,third_omniscient,closed,medium,balanced,historical
272,,,,,,,,,,,,
273,sacrifice,FALSE,FALSE,TRUE,0.70,FALSE,linear,third_omniscient,closed,high,dark,future
274,family,FALSE,FALSE,TRUE,0.60,FALSE,linear,third_omniscient,closed,high,balanced,fantasy
275,family,FALSE,FALSE,TRUE,0.45,FALSE,linear,third_omniscient,closed,medium,light,contemporary
276,love,TRUE,FALSE,TRUE,0.55,FALSE,linear,third_omniscient,closed,medium,balanced,contemporary
277,sacrifice,FALSE,FALSE,TRUE,0.80,FALSE,linear,multiple,closed,high,dark,historical
278,family,FALSE,FALSE,TRUE,0.50,FALSE,linear,third_omniscient,closed,high,balanced,contemporary
279,love,FALSE,FALSE,TRUE,0.55,FALSE,linear,third_omniscient,closed,medium,balanced,contemporary
280,friendship,FALSE,FALSE,TRUE,0.60,TRUE,linear,third_omniscient,closed,medium,balanced,contemporary
281,other,FALSE,FALSE,TRUE,0.45,FALSE,linear,third_omniscient,closed,medium,light,contemporary
282,survival,FALSE,FALSE,TRUE,0.60,FALSE,linear,third_omniscient,closed,medium,balanced,fantasy
283,war,FALSE,FALSE,TRUE,0.70,FALSE,linear,multiple,closed,high,balanced,historical
284,sacrifice,TRUE,FALSE,TRUE,0.70,FALSE,linear,multiple,closed,high,balanced,future
285,family,FALSE,FALSE,TRUE,0.45,FALSE,linear,third_omniscient,closed,medium,light,contemporary
286,family,FALSE,FALSE,TRUE,0.60,FALSE,linear,multiple,closed,high,balanced,future
287,coming_of_age,FALSE,FALSE,TRUE,0.55,FALSE,linear,third_omniscient,closed,medium,light,contemporary
288,family,FALSE,FALSE,TRUE,0.45,FALSE,linear,third_omniscient,closed,medium,light,contemporary
289,survival,FALSE,FALSE,TRUE,0.50,FALSE,linear,third_omniscient,closed,high,balanced,contemporary
290,sacrifice,FALSE,FALSE,TRUE,0.60,FALSE,linear,third_omniscient,closed,high,balanced,contemporary
291,family,FALSE,FALSE,TRUE,0.60,FALSE,linear,third_omniscient,closed,high,balanced,historical
292,,,,,,,,,,,,
293,survival,FALSE,FALSE,TRUE,0.65,FALSE,linear,multiple,closed,high,dark,contemporary
294,freedom,FALSE,FALSE,TRUE,0.65,FALSE,linear,third_omniscient,closed,high,balanced,contemporary
295,war,TRUE,FALSE,TRUE,0.60,FALSE,linear,multiple,closed,high,balanced,contemporary
296,freedom,TRUE,TRUE,TRUE,0.75,FALSE,linear,third_omniscient,cliffhanger,medium,balanced,mixed
297,sacrifice,TRUE,FALSE,TRUE,0.70,FALSE,linear,multiple,closed,high,balanced,future
298,freedom,TRUE,FALSE,TRUE,0.85,FALSE,linear,third_omniscient,closed,high,dark,future
299,friendship,TRUE,FALSE,TRUE,0.50,FALSE,nonlinear,third_omniscient,closed,medium,light,contemporary
300,friendship,FALSE,FALSE,TRUE,0.55,FALSE,linear,third_omniscient,closed,high,balanced,historical
301,friendship,FALSE,FALSE,TRUE,0.50,FALSE,linear,third_omniscient,closed,medium,light,contemporary
302,sacrifice,FALSE,FALSE,TRUE,0.75,FALSE,linear,multiple,closed,high,dark,historical
303,survival,FALSE,FALSE,TRUE,0.60,FALSE,linear,third_omniscient,closed,medium,balanced,future
304,power,FALSE,FALSE,TRUE,0.65,FALSE,linear,multiple,closed,high,balanced,future
305,justice,FALSE,FALSE,TRUE,0.60,FALSE,linear,third_omniscient,closed,high,balanced,contemporary
306,power,TRUE,FALSE,TRUE,0.70,FALSE,linear,third_omniscient,ambiguous,high,balanced,future
307,justice,FALSE,FALSE,TRUE,0.55,FALSE,linear,multiple,closed,medium,balanced,historical
308,sacrifice,FALSE,FALSE,TRUE,0.70,FALSE,linear,first_person,closed,high,balanced,historical
309,justice,TRUE,FALSE,TRUE,0.70,FALSE,nonlinear,multiple,closed,high,dark,historical
310,war,FALSE,FALSE,TRUE,0.65,FALSE,linear,multiple,closed,high,balanced,historical
311,freedom,FALSE,FALSE,FALSE,0.50,FALSE,linear,third_omniscient,closed,medium,light,contemporary
312,sacrifice,FALSE,FALSE,TRUE,0.80,FALSE,linear,third_omniscient,closed,high,dark,historical
313,justice,FALSE,FALSE,TRUE,0.70,TRUE,linear,third_omniscient,closed,high,balanced,contemporary
314,revenge,TRUE,FALSE,TRUE,0.70,FALSE,nonlinear,multiple,closed,medium,balanced,contemporary
315,justice,TRUE,FALSE,TRUE,0.85,FALSE,linear,third_omniscient,closed,high,dark,historical
316,justice,FALSE,FALSE,TRUE,0.60,FALSE,linear,third_omniscient,closed,high,balanced,fantasy
317,war,FALSE,FALSE,TRUE,0.70,TRUE,linear,multiple,closed,high,balanced,historical
318,freedom,FALSE,FALSE,TRUE,0.55,FALSE,linear,third_omniscient,closed,medium,light,fantasy
319,revenge,FALSE,FALSE,TRUE,0.75,FALSE,linear,third_omniscient,closed,high,dark,contemporary
320,family,FALSE,FALSE,FALSE,0.45,FALSE,linear,third_omniscient,closed,medium,light,contemporary
321,sacrifice,FALSE,FALSE,TRUE,0.70,TRUE,anthology,multiple,closed,high,balanced,historical
322,revenge,TRUE,TRUE,TRUE,0.75,FALSE,nonlinear,unreliable,ambiguous,high,dark,contemporary
323,justice,FALSE,FALSE,TRUE,0.70,FALSE,linear,first_person,closed,high,balanced,contemporary
324,friendship,FALSE,FALSE,FALSE,0.40,FALSE,linear,third_omniscient,closed,medium,light,contemporary
325,friendship,FALSE,FALSE,FALSE,0.45,FALSE,linear,multiple,closed,medium,light,contemporary
326,family,FALSE,FALSE,TRUE,0.55,FALSE,linear,third_omniscient,closed,medium,balanced,contemporary
327,war,FALSE,FALSE,TRUE,0.65,FALSE,linear,multiple,closed,high,balanced,fantasy
328,war,FALSE,FALSE,TRUE,0.60,FALSE,linear,multiple,closed,high,balanced,contemporary
329,war,FALSE,FALSE,TRUE,0.65,FALSE,linear,multiple,closed,high,balanced,fantasy
330,love,FALSE,FALSE,TRUE,0.55,FALSE,linear,third_omniscient,closed,medium,light,historical
331,war,FALSE,FALSE,TRUE,0.80,TRUE,linear,multiple,closed,high,dark,historical
332,love,FALSE,FALSE,TRUE,0.70,TRUE,linear,third_omniscient,closed,medium,balanced,contemporary
333,sacrifice,FALSE,FALSE,TRUE,0.85,FALSE,linear,multiple,closed,high,dark,historical
334,revenge,FALSE,FALSE,TRUE,0.60,FALSE,linear,third_omniscient,closed,high,balanced,historical
335,friendship,FALSE,FALSE,TRUE,0.55,FALSE,linear,third_omniscient,closed,medium,light,contemporary
336,survival,FALSE,FALSE,TRUE,0.60,FALSE,linear,third_omniscient,closed,high,balanced,future
337,love,FALSE,FALSE,TRUE,0.50,FALSE,linear,third_omniscient,closed,medium,light,contemporary
338,identity,FALSE,FALSE,TRUE,0.65,FALSE,linear,third_omniscient,closed,high,balanced,contemporary
339,war,TRUE,FALSE,TRUE,0.70,FALSE,nonlinear,multiple,closed,high,balanced,future
340,justice,FALSE,FALSE,TRUE,0.55,FALSE,linear,third_omniscient,closed,high,balanced,contemporary
341,freedom,FALSE,FALSE,TRUE,0.70,TRUE,linear,third_omniscient,closed,medium,balanced,historical
342,coming_of_age,FALSE,FALSE,TRUE,0.55,TRUE,linear,first_person,closed,medium,balanced,contemporary
343,freedom,FALSE,FALSE,TRUE,0.85,FALSE,linear,multiple,cliffhanger,high,balanced,future
344,faith,TRUE,FALSE,TRUE,0.75,TRUE,linear,third_omniscient,closed,high,dark,contemporary
345,freedom,FALSE,FALSE,TRUE,0.60,TRUE,linear,third_omniscient,closed,medium,light,historical
346,survival,FALSE,FALSE,FALSE,0.55,FALSE,linear,third_omniscient,closed,high,balanced,contemporary
347,freedom,FALSE,FALSE,TRUE,0.80,FALSE,linear,multiple,closed,high,dark,future
348,survival,FALSE,FALSE,TRUE,0.75,FALSE,linear,first_person,closed,high,balanced,contemporary
349,justice,TRUE,FALSE,TRUE,0.60,FALSE,linear,multiple,closed,medium,balanced,contemporary
350,friendship,FALSE,FALSE,TRUE,0.50,FALSE,linear,multiple,closed,high,balanced,contemporary
351,freedom,FALSE,FALSE,TRUE,0.70,TRUE,linear,third_omniscient,closed,high,balanced,historical
352,redemption,FALSE,FALSE,TRUE,0.55,FALSE,linear,first_person,closed,medium,balanced,contemporary
353,adventure,FALSE,FALSE,TRUE,0.60,FALSE,linear,third_omniscient,closed,high,balanced,historical
354,freedom,FALSE,FALSE,TRUE,0.55,FALSE,linear,third_omniscient,closed,medium,balanced,fantasy
355,freedom,FALSE,FALSE,TRUE,0.60,FALSE,linear,third_omniscient,closed,high,balanced,fantasy
356,identity,FALSE,FALSE,TRUE,0.65,FALSE,linear,first_person,closed,high,balanced,contemporary
357,justice,FALSE,FALSE,TRUE,0.65,FALSE,linear,first_person,closed,high,balanced,contemporary
358,love,FALSE,FALSE,TRUE,0.45,FALSE,linear,third_omniscient,closed,medium,light,contemporary
359,justice,FALSE,FALSE,TRUE,0.70,FALSE,linear,multiple,cliffhanger,high,balanced,contemporary
360,justice,FALSE,FALSE,TRUE,0.60,FALSE,linear,third_omniscient,closed,high,dark,contemporary
361,family,FALSE,FALSE,TRUE,0.65,TRUE,linear,third_omniscient,closed,medium,balanced,contemporary
362,survival,FALSE,FALSE,TRUE,0.65,FALSE,linear,multiple,closed,high,balanced,future
363,love,FALSE,FALSE,TRUE,0.55,FALSE,linear,third_omniscient,closed,medium,balanced,contemporary
364,survival,FALSE,FALSE,TRUE,0.55,FALSE,linear,third_omniscient,closed,high,balanced,contemporary
365,revenge,TRUE,FALSE,TRUE,0.60,FALSE,linear,third_omniscient,closed,high,balanced,contemporary
366,faith,TRUE,FALSE,TRUE,0.70,FALSE,linear,third_omniscient,ambiguous,high,balanced,contemporary
367,power,FALSE,FALSE,TRUE,0.65,FALSE,linear,multiple,closed,high,balanced,historical
368,adventure,FALSE,FALSE,TRUE,0.55,FALSE,linear,third_omniscient,closed,medium,balanced,contemporary
369,power,FALSE,FALSE,TRUE,0.65,FALSE,linear,multiple,closed,high,balanced,future
370,revenge,FALSE,FALSE,TRUE,0.60,FALSE,linear,third_omniscient,closed,high,balanced,historical
371,justice,TRUE,FALSE,TRUE,0.65,FALSE,linear,third_omniscient,closed,high,balanced,contemporary
372,family,FALSE,FALSE,FALSE,0.45,FALSE,linear,third_omniscient,closed,medium,light,contemporary
373,friendship,FALSE,FALSE,FALSE,0.45,FALSE,linear,third_omniscient,closed,medium,light,contemporary
374,survival,TRUE,FALSE,TRUE,0.75,FALSE,linear,multiple,ambiguous,high,dark,future
375,love,FALSE,FALSE,TRUE,0.50,FALSE,linear,first_person,closed,medium,balanced,fantasy
376,friendship,FALSE,FALSE,FALSE,0.45,FALSE,linear,third_omniscient,closed,medium,light,contemporary
377,family,FALSE,FALSE,FALSE,0.40,FALSE,linear,third_omniscient,closed,medium,light,prehistoric
378,freedom,FALSE,FALSE,TRUE,0.65,FALSE,linear,third_omniscient,closed,high,balanced,future
379,sacrifice,FALSE,FALSE,TRUE,0.70,FALSE,linear,multiple,closed,high,balanced,contemporary
380,freedom,FALSE,FALSE,TRUE,0.60,FALSE,linear,third_omniscient,closed,medium,balanced,historical
381,justice,FALSE,FALSE,TRUE,0.55,FALSE,linear,multiple,closed,high,balanced,contemporary
382,freedom,FALSE,FALSE,TRUE,0.70,FALSE,linear,third_omniscient,closed,high,balanced,future
383,sacrifice,FALSE,FALSE,TRUE,0.70,FALSE,linear,multiple,closed,high,balanced,contemporary
384,survival,FALSE,FALSE,FALSE,0.55,FALSE,linear,third_omniscient,closed,high,balanced,contemporary
385,survival,FALSE,FALSE,TRUE,0.75,FALSE,linear,multiple,closed,high,balanced,future
386,love,FALSE,FALSE,TRUE,0.50,FALSE,nonlinear,third_omniscient,closed,medium,light,contemporary
387,freedom,TRUE,FALSE,TRUE,0.80,FALSE,linear,third_omniscient,closed,medium,balanced,fantasy
388,love,FALSE,FALSE,FALSE,0.45,FALSE,linear,third_omniscient,closed,medium,light,historical
389,power,FALSE,FALSE,TRUE,0.60,FALSE,linear,third_omniscient,closed,high,balanced,contemporary
390,freedom,FALSE,FALSE,TRUE,0.55,FALSE,linear,third_omniscient,closed,medium,balanced,historical
391,justice,FALSE,FALSE,TRUE,0.60,FALSE,linear,third_omniscient,closed,high,balanced,contemporary
392,love,FALSE,FALSE,TRUE,0.70,FALSE,linear,multiple,ambiguous,high,balanced,historical
393,justice,FALSE,FALSE,TRUE,0.60,FALSE,linear,third_omniscient,closed,high,balanced,historical
394,power,TRUE,FALSE,TRUE,0.85,TRUE,nonlinear,first_person,closed,high,dark,contemporary
395,freedom,TRUE,FALSE,TRUE,0.70,FALSE,nonlinear,multiple,closed,medium,light,mixed
396,war,FALSE,FALSE,TRUE,0.65,FALSE,linear,multiple,closed,high,balanced,future
397,freedom,FALSE,FALSE,TRUE,0.65,FALSE,linear,multiple,closed,high,balanced,future
398,family,FALSE,FALSE,FALSE,0.45,FALSE,linear,third_omniscient,closed,medium,light,prehistoric
399,friendship,FALSE,FALSE,TRUE,0.50,FALSE,linear,third_omniscient,closed,medium,light,future
400,freedom,FALSE,FALSE,TRUE,0.55,FALSE,linear,third_omniscient,closed,medium,light,historical
401,survival,FALSE,FALSE,TRUE,0.60,FALSE,linear,multiple,closed,high,balanced,future
402,legacy,FALSE,FALSE,TRUE,0.65,FALSE,linear,third_omniscient,closed,medium,balanced,historical
403,freedom,TRUE,FALSE,TRUE,0.75,TRUE,nonlinear,third_omniscient,closed,medium,balanced,contemporary
404,sacrifice,FALSE,FALSE,TRUE,0.80,TRUE,linear,multiple,closed,high,dark,historical
405,coming_of_age,FALSE,FALSE,TRUE,0.55,FALSE,linear,third_omniscient,closed,medium,light,contemporary
406,justice,FALSE,FALSE,TRUE,0.70,FALSE,linear,multiple,cliffhanger,high,balanced,contemporary
407,justice,FALSE,FALSE,TRUE,0.60,FALSE,linear,third_omniscient,closed,high,balanced,contemporary
408,friendship,FALSE,FALSE,FALSE,0.45,FALSE,linear,third_omniscient,closed,medium,light,future
409,love,FALSE,FALSE,TRUE,0.45,FALSE,linear,first_person,closed,medium,light,contemporary
410,survival,FALSE,FALSE,TRUE,0.80,FALSE,linear,third_omniscient,closed,high,dark,future
411,sacrifice,FALSE,FALSE,TRUE,0.65,FALSE,linear,third_omniscient,closed,high,balanced,contemporary
412,revenge,FALSE,FALSE,TRUE,0.60,FALSE,linear,third_omniscient,closed,high,balanced,contemporary
413,legacy,TRUE,FALSE,TRUE,0.75,FALSE,nonlinear,multiple,closed,medium,balanced,historical
414,family,FALSE,FALSE,FALSE,0.45,FALSE,linear,third_omniscient,closed,medium,light,contemporary
415,survival,FALSE,FALSE,TRUE,0.55,FALSE,linear,third_omniscient,closed,high,balanced,contemporary
416,justice,FALSE,FALSE,TRUE,0.55,FALSE,linear,multiple,closed,high,balanced,contemporary
417,friendship,FALSE,FALSE,TRUE,0.50,FALSE,linear,third_omniscient,closed,medium,light,contemporary
418,family,FALSE,FALSE,TRUE,0.45,TRUE,linear,third_omniscient,closed,medium,light,contemporary
419,revenge,FALSE,FALSE,TRUE,0.60,FALSE,linear,first_person,closed,high,balanced,contemporary
420,love,FALSE,FALSE,TRUE,0.45,FALSE,linear,third_omniscient,closed,medium,light,contemporary
421,adventure,FALSE,FALSE,TRUE,0.55,FALSE,linear,third_omniscient,closed,medium,light,historical
422,freedom,TRUE,TRUE,TRUE,0.85,FALSE,nonlinear,multiple,cliffhanger,high,balanced,future
423,sacrifice,FALSE,FALSE,TRUE,0.70,TRUE,linear,multiple,closed,high,balanced,contemporary
424,justice,TRUE,FALSE,TRUE,0.75,TRUE,nonlinear,first_person,ambiguous,high,dark,historical
425,survival,FALSE,FALSE,TRUE,0.60,FALSE,linear,multiple,closed,high,balanced,contemporary
426,love,FALSE,FALSE,TRUE,0.50,FALSE,linear,first_person,closed,medium,light,contemporary
427,friendship,FALSE,FALSE,FALSE,0.40,FALSE,linear,third_omniscient,closed,medium,light,contemporary
428,sacrifice,FALSE,FALSE,TRUE,0.65,FALSE,linear,third_omniscient,closed,high,balanced,historical
429,love,FALSE,FALSE,TRUE,0.45,FALSE,linear,third_omniscient,closed,medium,light,contemporary
430,adventure,FALSE,FALSE,TRUE,0.60,FALSE,linear,third_omniscient,closed,high,balanced,historical
431,freedom,FALSE,FALSE,TRUE,0.55,FALSE,linear,third_omniscient,closed,medium,balanced,fantasy
432,revenge,TRUE,TRUE,TRUE,0.90,FALSE,nonlinear,unreliable,ambiguous,high,dark,contemporary
433,survival,TRUE,FALSE,TRUE,0.80,FALSE,nonlinear,multiple,closed,high,balanced,future
434,friendship,FALSE,FALSE,FALSE,0.40,FALSE,linear,third_omniscient,closed,medium,light,contemporary
435,love,FALSE,FALSE,TRUE,0.45,FALSE,linear,third_omniscient,closed,medium,light,contemporary
436,justice,TRUE,TRUE,TRUE,0.80,TRUE,nonlinear,unreliable,ambiguous,high,dark,contemporary
437,freedom,TRUE,FALSE,TRUE,0.90,FALSE,nonlinear,multiple,ambiguous,high,balanced,future
438,justice,FALSE,FALSE,TRUE,0.55,FALSE,linear,third_omniscient,closed,high,balanced,contemporary
439,faith,FALSE,FALSE,TRUE,0.60,FALSE,linear,third_omniscient,closed,high,dark,historical
440,identity,FALSE,FALSE,TRUE,0.60,FALSE,linear,third_omniscient,closed,medium,light,contemporary
441,survival,FALSE,FALSE,TRUE,0.55,FALSE,linear,third_omniscient,closed,high,balanced,contemporary
442,war,FALSE,FALSE,TRUE,0.60,FALSE,linear,third_omniscient,closed,high,balanced,future
443,justice,FALSE,FALSE,TRUE,0.55,FALSE,linear,multiple,closed,high,balanced,contemporary
444,love,FALSE,FALSE,TRUE,0.50,FALSE,linear,first_person,closed,medium,light,contemporary
445,friendship,FALSE,FALSE,FALSE,0.40,FALSE,linear,third_omniscient,closed,medium,light,historical
446,revenge,TRUE,FALSE,TRUE,0.70,FALSE,nonlinear,multiple,open,medium,balanced,contemporary
447,family,FALSE,FALSE,FALSE,0.40,FALSE,linear,third_omniscient,closed,medium,light,contemporary
448,freedom,FALSE,FALSE,TRUE,0.65,FALSE,linear,third_omniscient,closed,high,balanced,future
449,friendship,FALSE,FALSE,TRUE,0.45,FALSE,linear,third_omniscient,closed,medium,light,contemporary
450,revenge,FALSE,FALSE,TRUE,0.60,FALSE,linear,third_omniscient,closed,high,balanced,contemporary
451,friendship,FALSE,FALSE,TRUE,0.55,FALSE,linear,third_omniscient,closed,medium,balanced,fantasy
452,family,FALSE,FALSE,TRUE,0.60,FALSE,linear,multiple,closed,high,balanced,contemporary
453,family,FALSE,FALSE,FALSE,0.40,FALSE,linear,third_omniscient,closed,medium,light,contemporary
454,justice,TRUE,FALSE,TRUE,0.80,FALSE,linear,third_omniscient,closed,high,balanced,future
455,friendship,FALSE,FALSE,FALSE,0.40,FALSE,linear,third_omniscient,closed,medium,light,historical
456,family,FALSE,FALSE,FALSE,0.40,FALSE,linear,third_omniscient,closed,medium,light,contemporary
457,coming_of_age,FALSE,FALSE,TRUE,0.55,FALSE,linear,third_omniscient,closed,high,balanced,historical
458,freedom,FALSE,FALSE,TRUE,0.60,FALSE,linear,third_omniscient,closed,high,balanced,historical
459,justice,FALSE,FALSE,TRUE,0.70,FALSE,linear,third_omniscient,closed,high,dark,contemporary
460,justice,FALSE,FALSE,TRUE,0.60,FALSE,linear,third_omniscient,closed,high,balanced,contemporary
461,identity,TRUE,TRUE,TRUE,0.85,FALSE,nonlinear,unreliable,ambiguous,medium,dark,contemporary
462,survival,FALSE,FALSE,FALSE,0.45,FALSE,linear,third_omniscient,closed,medium,balanced,prehistoric
463,family,FALSE,FALSE,TRUE,0.60,TRUE,linear,third_omniscient,closed,medium,balanced,contemporary
464,justice,FALSE,FALSE,TRUE,0.70,TRUE,linear,third_omniscient,closed,high,balanced,historical
465,war,FALSE,FALSE,TRUE,0.70,FALSE,linear,multiple,closed,high,balanced,historical
466,love,TRUE,FALSE,TRUE,0.75,FALSE,nonlinear,multiple,closed,medium,balanced,mixed
467,justice,FALSE,FALSE,TRUE,0.65,FALSE,linear,third_omniscient,closed,high,balanced,contemporary
468,family,FALSE,FALSE,FALSE,0.50,FALSE,linear,third_omniscient,closed,medium,light,contemporary
469,power,FALSE,FALSE,TRUE,0.70,FALSE,nonlinear,third_omniscient,closed,high,balanced,historical
470,family,FALSE,FALSE,TRUE,0.55,FALSE,linear,third_omniscient,closed,medium,balanced,historical
471,faith,FALSE,FALSE,TRUE,0.65,FALSE,linear,multiple,closed,high,dark,historical
472,love,TRUE,FALSE,TRUE,0.75,FALSE,linear,third_omniscient,closed,high,dark,contemporary
473,friendship,FALSE,FALSE,FALSE,0.45,FALSE,linear,third_omniscient,closed,medium,light,fantasy
474,identity,FALSE,FALSE,FALSE,0.55,FALSE,linear,third_omniscient,closed,medium,light,contemporary
475,coming_of_age,FALSE,FALSE,TRUE,0.60,FALSE,linear,third_omniscient,closed,medium,balanced,contemporary
476,justice,TRUE,FALSE,TRUE,0.70,FALSE,linear,multiple,closed,high,balanced,historical
477,justice,TRUE,FALSE,TRUE,0.70,FALSE,nonlinear,multiple,closed,high,balanced,historical
478,freedom,FALSE,FALSE,TRUE,0.50,FALSE,linear,third_omniscient,closed,medium,light,fantasy
479,survival,FALSE,FALSE,TRUE,0.80,FALSE,linear,multiple,cliffhanger,high,dark,future
480,revenge,FALSE,FALSE,TRUE,0.70,FALSE,linear,third_omniscient,closed,high,dark,contemporary
481,love,FALSE,FALSE,TRUE,0.60,TRUE,linear,first_person,closed,medium,balanced,contemporary
482,sacrifice,FALSE,FALSE,TRUE,0.65,FALSE,linear,multiple,closed,high,balanced,future
483,family,FALSE,FALSE,FALSE,0.40,FALSE,linear,third_omniscient,closed,medium,light,contemporary
484,freedom,FALSE,FALSE,TRUE,0.65,FALSE,linear,third_omniscient,closed,high,balanced,future
485,friendship,FALSE,FALSE,FALSE,0.40,FALSE,linear,third_omniscient,closed,medium,light,contemporary
486,survival,FALSE,FALSE,TRUE,0.70,FALSE,linear,third_omniscient,cliffhanger,high,balanced,future
487,freedom,FALSE,FALSE,TRUE,0.75,FALSE,linear,first_person,closed,high,dark,historical
488,love,FALSE,FALSE,TRUE,0.55,FALSE,linear,third_omniscient,closed,medium,light,fantasy
489,friendship,FALSE,FALSE,TRUE,0.50,FALSE,linear,multiple,closed,medium,balanced,contemporary
490,love,FALSE,FALSE,TRUE,0.55,TRUE,linear,third_omniscient,closed,medium,light,historical
491,family,FALSE,FALSE,TRUE,0.50,FALSE,linear,third_omniscient,closed,medium,light,historical
492,freedom,FALSE,FALSE,FALSE,0.55,FALSE,linear,third_omniscient,closed,high,balanced,contemporary
493,family,FALSE,FALSE,TRUE,0.45,FALSE,linear,third_omniscient,closed,medium,light,contemporary
494,friendship,FALSE,FALSE,FALSE,0.40,FALSE,linear,third_omniscient,closed,medium,light,fantasy
495,justice,TRUE,FALSE,TRUE,0.75,FALSE,nonlinear,multiple,closed,high,balanced,contemporary
496,revenge,TRUE,FALSE,TRUE,0.70,FALSE,linear,first_person,closed,high,balanced,contemporary
497,friendship,FALSE,FALSE,TRUE,0.55,FALSE,linear,third_omniscient,closed,medium,balanced,fantasy
498,faith,TRUE,FALSE,TRUE,0.70,FALSE,linear,multiple,ambiguous,high,balanced,contemporary
499,love,FALSE,FALSE,TRUE,0.50,FALSE,linear,third_omniscient,closed,medium,light,contemporary
500,justice,FALSE,FALSE,TRUE,0.60,FALSE,linear,third_omniscient,closed,high,balanced,contemporary
